,date,reservoir_storage,res_percentile,total_storage,capacity,reporting,value_period,month,day,export_basin,SWDI,SWC,snow_pctl
0,1991-01-31,9421935.0,0.03333333333333333,10493587.496830083,29703137.0,1.0,10493587.496830083,1,31,delta_basin,0.03333333333333333,1043285.951530676,0.13333333333333333
1,1991-02-28,9422604.0,0.03333333333333333,10618382.289479636,29703137.0,1.0,10618382.289479636,2,28,delta_basin,0.03333333333333333,1167409.730027212,0.06666666666666667
2,1991-03-31,9494317.0,0.03333333333333333,13906887.67063826,29694497.0,1.0,13906887.67063826,3,31,delta_basin,0.03333333333333333,4381215.3934217775,0.2
3,1991-04-30,13096624.0,0.03333333333333333,18933746.353357337,29703137.0,1.0,18933746.353357337,4,30,delta_basin,0.1,5797692.450904679,0.5
4,1991-05-31,15161118.0,0.03333333333333333,17990626.172260225,29703137.0,1.0,17990626.172260225,5,31,delta_basin,0.13333333333333333,2783862.714025091,0.6333333333333334
5,1991-06-30,16106578.0,0.1,16390541.71664279,29703137.0,1.0,16390541.71664279,6,30,delta_basin,0.1,235471.76945196092,0.5
6,1991-07-31,15438075.0,0.13333333333333333,15488767.326168872,29703137.0,1.0,15488767.326168872,7,31,delta_basin,0.13333333333333333,4213.035680968545,0.5
7,1991-08-31,13379021.0,0.13333333333333333,13420347.513357826,29703137.0,1.0,13420347.513357826,8,31,delta_basin,0.13333333333333333,1046.4004873560723,0.5
8,1991-09-30,11706347.0,0.13333333333333333,11744329.287743038,29703137.0,1.0,11744329.287743038,9,30,delta_basin,0.13333333333333333,2738.08127524839,0.5
9,1991-10-31,11103418.0,0.13333333333333333,11222191.0597503,29703137.0,1.0,11222191.0597503,10,31,delta_basin,0.13333333333333333,85344.08686147693,0.5
10,1991-11-30,10739619.0,0.13333333333333333,11317719.707374848,29703137.0,1.0,11317719.707374848,11,30,delta_basin,0.16666666666666669,545767.0212624016,0.7000000000000001
11,1991-12-31,10536413.0,0.13333333333333333,11701283.34387748,29703137.0,1.0,11701283.34387748,12,31,delta_basin,0.13333333333333333,1133148.4484645128,0.33333333333333337
12,1992-01-31,10419031.0,0.13333333333333333,12871148.96628347,29703137.0,1.0,12871148.96628347,1,31,delta_basin,0.1,2420749.471930939,0.26666666666666666
13,1992-02-29,11053161.0,0.06666666666666667,15277370.87198266,29703137.0,1.0,15277370.87198266,2,29,delta_basin,0.13333333333333333,4190932.2074468574,0.26666666666666666
14,1992-03-31,13553335.0,0.1,19234457.10368383,29703137.0,1.0,19234457.10368383,3,31,delta_basin,0.13333333333333333,5640317.1850301195,0.33333333333333337
15,1992-04-30,15984825.0,0.13333333333333333,18992484.631949566,29703137.0,1.0,18992484.631949566,4,30,delta_basin,0.13333333333333333,2959534.2455543503,0.2
16,1992-05-31,17350280.0,0.13333333333333333,17609944.382139783,29703137.0,1.0,17609944.382139783,5,31,delta_basin,0.1,207428.03115907774,0.06666666666666667
17,1992-06-30,16582820.0,0.13333333333333333,16760363.69417504,29703137.0,1.0,16760363.69417504,6,30,delta_basin,0.13333333333333333,127617.92895569446,0.5
18,1992-07-31,14486525.0,0.1,14614631.161097858,29703137.0,1.0,14614631.161097858,7,31,delta_basin,0.1,84491.69468055936,0.5
19,1992-08-31,12276041.0,0.1,12383008.292544434,29703137.0,1.0,12383008.292544434,8,31,delta_basin,0.1,70007.91284972204,0.5
20,1992-09-30,10316118.0,0.06666666666666667,10406039.979476646,29703137.0,1.0,10406039.979476646,9,30,delta_basin,0.06666666666666667,58863.324480509655,0.5
21,1992-10-31,9613822.0,0.06666666666666667,9736842.337430865,29703137.0,1.0,9736842.337430865,10,31,delta_basin,0.06666666666666667,94076.07945589093,0.5
22,1992-11-30,8990174.0,0.06666666666666667,9459381.306596486,29575523.0,1.0,9459381.306596486,11,30,delta_basin,0.03333333333333333,403232.6032874674,0.6666666666666667
23,1992-12-31,8991272.0,0.06666666666666667,11461614.08260536,29632564.0,1.0,11461614.08260536,12,31,delta_basin,0.1,2421794.021762565,0.8
24,1993-01-31,10004416.0,0.1,18316508.96504692,29575523.0,1.0,18316508.96504692,1,31,delta_basin,0.26666666666666666,8238675.211688647,0.9666666666666668
25,1993-02-28,14763877.0,0.23333333333333336,26534634.626939435,29632564.0,1.0,26534634.626939435,2,28,delta_basin,0.6,11691040.585916594,0.9666666666666668
26,1993-03-31,17688901.0,0.23333333333333336,31592549.51888161,29632564.0,1.0,31592549.51888161,3,31,delta_basin,0.6333333333333334,13808137.912374528,0.9333333333333335
27,1993-04-30,20303853.0,0.33333333333333337,32928655.26137059,29632564.0,1.0,32928655.26137059,4,30,delta_basin,0.7333333333333334,12515172.31237259,0.8
28,1993-05-31,22483044.0,0.3666666666666667,28662848.873616956,29631844.0,1.0,28662848.873616956,5,31,delta_basin,0.6333333333333334,6057859.211656803,0.7666666666666667
29,1993-06-30,24452789.0,0.5666666666666668,25658487.601685494,29632564.0,1.0,25658487.601685494,6,30,delta_basin,0.6333333333333334,1073666.6168731083,0.5
30,1993-07-31,24767863.0,0.7000000000000001,24928906.31966409,29632564.0,1.0,24928906.31966409,7,31,delta_basin,0.7000000000000001,27310.103733131255,0.5
31,1993-08-31,22237010.0,0.7000000000000001,22450308.135173555,29632564.0,1.0,22450308.135173555,8,31,delta_basin,0.7000000000000001,93230.17210427576,0.5
32,1993-09-30,19892046.0,0.7000000000000001,20123570.8555721,29632564.0,1.0,20123570.8555721,9,30,delta_basin,0.7000000000000001,124118.44416605428,0.5
33,1993-10-31,19015632.0,0.7000000000000001,19123784.398878396,29632564.0,1.0,19123784.398878396,10,31,delta_basin,0.7000000000000001,5478.154422194763,0.5
34,1993-11-30,18680746.0,0.7000000000000001,18890973.16113233,29632564.0,1.0,18890973.16113233,11,30,delta_basin,0.6666666666666667,109361.12200051456,0.2
35,1993-12-31,18411910.0,0.6666666666666667,19992658.195753466,29632564.0,1.0,19992658.195753466,12,31,delta_basin,0.6333333333333334,1481333.7272653535,0.46666666666666673
36,1994-01-31,18638377.0,0.5666666666666668,20907328.445924237,29632564.0,1.0,20907328.445924237,1,31,delta_basin,0.3666666666666667,2168314.176736193,0.23333333333333336
37,1994-02-28,18764594.0,0.33333333333333337,23074845.746938556,29632564.0,1.0,23074845.746938556,2,28,delta_basin,0.26666666666666666,4208932.97344329,0.3
38,1994-03-31,19349665.0,0.33333333333333337,24829623.532499447,29632564.0,1.0,24829623.532499447,3,31,delta_basin,0.33333333333333337,5375480.688462732,0.3
39,1994-04-30,19890319.0,0.26666666666666666,22845171.911362316,29632564.0,1.0,22845171.911362316,4,30,delta_basin,0.16666666666666669,2847455.824832781,0.16666666666666669
40,1994-05-31,19934967.0,0.23333333333333336,20689986.672468647,29631844.0,1.0,20689986.672468647,5,31,delta_basin,0.23333333333333336,646894.5117044357,0.23333333333333336
41,1994-06-30,19934233.0,0.2,20049185.749178708,29632564.0,1.0,20049185.749178708,6,30,delta_basin,0.2,7318.550531570106,0.5
42,1994-07-31,17852988.0,0.2,17964166.600582067,29632564.0,1.0,17964166.600582067,7,31,delta_basin,0.2,14782.012018214691,0.5
43,1994-08-31,14912411.0,0.2,14997531.851930335,29632564.0,1.0,14997531.851930335,8,31,delta_basin,0.2,4601.806733977624,0.5
44,1994-09-30,12871561.0,0.2,12944218.071562998,29632564.0,1.0,12944218.071562998,9,30,delta_basin,0.2,3157.5250505864924,0.5
45,1994-10-31,12136209.0,0.2,12284446.74564125,29603244.0,1.0,12284446.74564125,10,31,delta_basin,0.2,70623.7149667748,0.5
46,1994-11-30,11765746.0,0.2,13116734.089595491,29437690.0,1.0,13116734.089595491,11,30,delta_basin,0.23333333333333336,1209150.9635844473,0.9666666666666668
47,1994-12-31,12234341.0,0.2,16324194.787828084,29603244.0,1.0,16324194.787828084,12,31,delta_basin,0.33333333333333337,4011612.178965218,1.0
48,1995-01-31,13314798.0,0.26666666666666666,22050073.388765015,29603964.0,1.0,22050073.388765015,1,31,delta_basin,0.5,8650449.893679291,1.0
49,1995-02-28,20171763.0,0.5333333333333333,31581605.557732154,29632564.0,1.0,31581605.557732154,2,28,delta_basin,0.9,11300925.824100867,0.9333333333333335
50,1995-03-31,20577660.0,0.5,34382046.77002381,29632564.0,1.0,34382046.77002381,3,31,delta_basin,0.8666666666666667,13693278.409640282,0.8666666666666667
51,1995-04-30,23471163.0,0.6666666666666667,38869904.83462858,29632564.0,1.0,38869904.83462858,4,30,delta_basin,0.9333333333333335,15272010.105305392,1.0
52,1995-05-31,24596094.0,0.7000000000000001,37448578.63628569,29632564.0,1.0,37448578.63628569,5,31,delta_basin,1.0,12719678.88110366,1.0
53,1995-06-30,25884615.0,0.7000000000000001,31108475.29250597,29632564.0,1.0,31108475.29250597,6,30,delta_basin,0.9666666666666668,5084097.2129425565,0.5
54,1995-07-31,27194490.0,0.9,27977235.549242754,29632564.0,1.0,27977235.549242754,7,31,delta_basin,0.9666666666666668,635909.8451167098,0.5
55,1995-08-31,26349839.0,0.9333333333333335,26532999.80602401,29632564.0,1.0,26532999.80602401,8,31,delta_basin,0.9333333333333335,40885.76563263827,0.5
56,1995-09-30,24114043.0,0.9333333333333335,24246087.99552377,29632564.0,1.0,24246087.99552377,9,30,delta_basin,0.9333333333333335,1842.0579716883547,0.5
57,1995-10-31,22358867.0,0.9333333333333335,22482425.350579865,29632564.0,1.0,22482425.350579865,10,31,delta_basin,0.9333333333333335,2832.4248719187904,0.5
58,1995-11-30,21385205.0,0.9333333333333335,21505577.44157153,29632564.0,1.0,21505577.44157153,11,30,delta_basin,0.9333333333333335,4903.770011416953,0.03333333333333333
59,1995-12-31,20767864.0,0.8666666666666667,21634944.913617324,29632564.0,1.0,21634944.913617324,12,31,delta_basin,0.8,754945.5533427309,0.13333333333333333
60,1996-01-31,21217821.0,0.8333333333333335,23867176.07237654,29632564.0,1.0,23867176.07237654,1,31,delta_basin,0.7000000000000001,2534790.1849101726,0.3666666666666667
61,1996-02-29,22926777.0,0.9,29031759.72727972,29632564.0,1.0,29031759.72727972,2,29,delta_basin,0.7333333333333334,5981190.391253717,0.5
62,1996-03-31,24298936.0,0.9333333333333335,33108450.523792982,29632564.0,1.0,33108450.523792982,3,31,delta_basin,0.7666666666666667,8678313.262909854,0.5333333333333333
63,1996-04-30,24966888.0,0.9666666666666668,32886850.962604158,29632564.0,1.0,32886850.962604158,4,30,delta_basin,0.7000000000000001,7785155.118099036,0.6666666666666667
64,1996-05-31,26143709.0,0.9666666666666668,28949684.860506352,29632564.0,1.0,28949684.860506352,5,31,delta_basin,0.6666666666666667,2664813.811889836,0.6
65,1996-06-30,27456932.0,0.9666666666666668,27829238.411444485,29631844.0,1.0,27829238.411444485,6,30,delta_basin,0.7666666666666667,223382.9049951407,0.5
66,1996-07-31,26480263.0,0.7666666666666667,26623242.260248963,29632564.0,1.0,26623242.260248963,7,31,delta_basin,0.7666666666666667,,0.5
67,1996-08-31,23805817.0,0.7666666666666667,23934355.68197163,29632564.0,1.0,23934355.68197163,8,31,delta_basin,0.7666666666666667,,0.5
68,1996-09-30,21260230.0,0.7666666666666667,21404481.08412091,29632564.0,1.0,21404481.08412091,9,30,delta_basin,0.7666666666666667,29457.21073216148,0.5
69,1996-10-31,20394139.0,0.7666666666666667,20582589.002500653,29603964.0,1.0,20582589.002500653,10,31,delta_basin,0.7666666666666667,58523.66508854239,0.5
70,1996-11-30,20051019.0,0.8333333333333335,20820540.481589474,29632564.0,1.0,20820540.481589474,11,30,delta_basin,0.8333333333333335,661256.7009920161,0.8
71,1996-12-31,21225508.0,0.9333333333333335,24413718.16577071,29632564.0,1.0,24413718.16577071,12,31,delta_basin,0.9666666666666668,3073603.7726148567,0.9
72,1997-01-31,24221406.0,0.9666666666666668,30859485.344144158,29632564.0,1.0,30859485.344144158,1,31,delta_basin,1.0,6507296.703802949,0.8666666666666667
73,1997-02-28,25069637.0,1.0,34442154.19993456,29632564.0,1.0,34442154.19993456,2,28,delta_basin,1.0,9237154.565773036,0.8
74,1997-03-31,23294383.0,0.8,32123202.752626963,29632564.0,1.0,32123202.752626963,3,31,delta_basin,0.7000000000000001,8703042.540773144,0.5666666666666668
75,1997-04-30,23847648.0,0.7666666666666667,29546106.646926597,29632564.0,1.0,29546106.646926597,4,30,delta_basin,0.6,5569694.099923507,0.46666666666666673
76,1997-05-31,24425540.0,0.6333333333333334,25966512.986175068,29632564.0,1.0,25966512.986175068,5,31,delta_basin,0.5,1409088.131391665,0.4
77,1997-06-30,24399589.0,0.5333333333333333,24564764.3796004,29628364.0,1.0,24564764.3796004,6,30,delta_basin,0.5,29953.181243444524,0.5
78,1997-07-31,22841431.0,0.5333333333333333,22968127.184576564,29628364.0,1.0,22968127.184576564,7,31,delta_basin,0.5333333333333333,109.27717256502076,0.5
79,1997-08-31,20072936.0,0.5333333333333333,20181319.120677643,29632564.0,1.0,20181319.120677643,8,31,delta_basin,0.5333333333333333,,0.5
80,1997-09-30,17907412.0,0.5333333333333333,18006654.00123442,29632564.0,1.0,18006654.00123442,9,30,delta_basin,0.5333333333333333,2551.552173041,0.5
81,1997-10-31,17236265.0,0.5333333333333333,17348749.694937084,29632564.0,1.0,17348749.694937084,10,31,delta_basin,0.5333333333333333,19418.08078921501,0.5
82,1997-11-30,16883881.0,0.5666666666666668,17339753.042536773,29632564.0,1.0,17339753.042536773,11,30,delta_basin,0.5666666666666668,364708.1135564791,0.6
83,1997-12-31,17557947.0,0.5666666666666668,19766339.66528054,29632564.0,1.0,19766339.66528054,12,31,delta_basin,0.5666666666666668,2113589.1403476307,0.6333333333333334
84,1998-01-31,18795684.0,0.6,23621441.297948014,29632564.0,1.0,23621441.297948014,1,31,delta_basin,0.6666666666666667,4724270.655077688,0.5666666666666668
85,1998-02-28,21760726.0,0.8,32497610.943695776,29632564.0,1.0,32497610.943695776,2,28,delta_basin,0.9333333333333335,10619388.659540275,0.9
86,1998-03-31,22896432.0,0.7333333333333334,36602310.83784716,29792564.0,1.0,36602310.83784716,3,31,delta_basin,0.9333333333333335,13705878.837847162,0.9
87,1998-04-30,23382752.0,0.6,38249772.31081277,29792564.0,1.0,38249772.31081277,4,30,delta_basin,0.8666666666666667,14867020.310812773,0.9333333333333335
88,1998-05-31,24573914.0,0.6666666666666667,35813513.18724007,29792564.0,1.0,35813513.18724007,5,31,delta_basin,0.9666666666666668,11239599.187240072,0.9666666666666668
89,1998-06-30,26363091.0,0.8666666666666667,31765155.750744853,29792564.0,1.0,31765155.750744853,6,30,delta_basin,1.0,5402064.750744853,0.5
90,1998-07-31,28489275.0,1.0,28834106.93313891,29792564.0,1.0,28834106.93313891,7,31,delta_basin,1.0,344831.9331389093,0.5
91,1998-08-31,27561888.0,1.0,27561888.0,29792564.0,1.0,27561888.0,8,31,delta_basin,1.0,,0.5
92,1998-09-30,24861186.0,1.0,24887622.898853682,29792564.0,1.0,24887622.898853682,9,30,delta_basin,1.0,26436.898853681956,0.5
93,1998-10-31,23243285.0,1.0,23302429.335245773,29792564.0,1.0,23302429.335245773,10,31,delta_basin,1.0,59144.335245774404,0.5
94,1998-11-30,22724396.0,1.0,23480015.488192398,29792564.0,1.0,23480015.488192398,11,30,delta_basin,1.0,755619.4881923978,0.9333333333333335
95,1998-12-31,22959936.0,1.0,25827649.571565114,29792564.0,1.0,25827649.571565114,12,31,delta_basin,1.0,2867713.5715651144,0.8666666666666667
96,1999-01-31,22220002.0,0.9333333333333335,26097448.245103836,29792564.0,1.0,26097448.245103836,1,31,delta_basin,0.9,3877446.245103835,0.46666666666666673
97,1999-02-28,22963094.0,0.9333333333333335,31019964.34809398,29792564.0,1.0,31019964.34809398,2,28,delta_basin,0.8666666666666667,8056870.348093978,0.7000000000000001
98,1999-03-31,23599727.0,0.8666666666666667,33757779.22603396,29792564.0,1.0,33757779.22603396,3,31,delta_basin,0.8,10158052.226033963,0.7666666666666667
99,1999-04-30,24083435.0,0.8,34505037.32228709,29792564.0,1.0,34505037.32228709,4,30,delta_basin,0.7666666666666667,10421602.32228709,0.7000000000000001
100,1999-05-31,25087780.0,0.7333333333333334,30526606.5839987,29792564.0,1.0,30526606.5839987,5,31,delta_basin,0.7666666666666667,5438826.583998698,0.6666666666666667
101,1999-06-30,26121596.0,0.8,26665374.405083276,29792564.0,1.0,26665374.405083276,6,30,delta_basin,0.7333333333333334,543778.4050832748,0.5
102,1999-07-31,25275803.0,0.7333333333333334,25275988.336316135,29792564.0,1.0,25275988.336316135,7,31,delta_basin,0.7333333333333334,185.33631613324627,0.5
103,1999-08-31,22454750.0,0.7333333333333334,22489067.52716869,29792564.0,1.0,22489067.52716869,8,31,delta_basin,0.7333333333333334,34317.527168692424,0.5
104,1999-09-30,20406330.0,0.7333333333333334,20406330.0,29792564.0,1.0,20406330.0,9,30,delta_basin,0.7333333333333334,,0.5
105,1999-10-31,19657953.0,0.7333333333333334,19660573.54169376,29792564.0,1.0,19660573.54169376,10,31,delta_basin,0.7333333333333334,2620.5416937598743,0.5
106,1999-11-30,18976963.0,0.7333333333333334,19222325.299995843,29792564.0,1.0,19222325.299995843,11,30,delta_basin,0.7333333333333334,245362.2999958436,0.4
107,1999-12-31,19203571.0,0.7666666666666667,20073081.81642042,29792564.0,1.0,20073081.81642042,12,31,delta_basin,0.6666666666666667,869510.8164204194,0.16666666666666669
108,2000-01-31,19014125.0,0.6333333333333334,20990088.440654017,29792564.0,1.0,20990088.440654017,1,31,delta_basin,0.43333333333333335,1975963.440654017,0.2
109,2000-02-29,21006450.0,0.7000000000000001,26821114.288113654,29792564.0,1.0,26821114.288113654,2,29,delta_basin,0.6333333333333334,5814664.2881136555,0.46666666666666673
110,2000-03-31,23677608.0,0.9,33057502.953364097,29792564.0,1.0,33057502.953364097,3,31,delta_basin,0.7333333333333334,9379894.953364095,0.6333333333333334
111,2000-04-30,24197053.0,0.8333333333333335,30472522.96645862,29792564.0,1.0,30472522.96645862,4,30,delta_basin,0.6333333333333334,6275469.9664586205,0.5666666666666668
112,2000-05-31,25443289.0,0.8666666666666667,27604928.412777625,29788364.0,1.0,27604928.412777625,5,31,delta_basin,0.6,2158052.045112855,0.5666666666666668
113,2000-06-30,25938101.0,0.7333333333333334,26004341.97090052,29792564.0,1.0,26004341.97090052,6,30,delta_basin,0.7000000000000001,66240.97090052092,0.5
114,2000-07-31,24364471.0,0.6333333333333334,24364471.0,29792564.0,1.0,24364471.0,7,31,delta_basin,0.6333333333333334,,0.5
115,2000-08-31,21532333.0,0.6,21532333.0,29792564.0,1.0,21532333.0,8,31,delta_basin,0.6,,0.5
116,2000-09-30,19432249.0,0.6,19434024.61998392,29792564.0,1.0,19434024.61998392,9,30,delta_basin,0.6,1775.6199839203914,0.5
117,2000-10-31,18772069.0,0.6666666666666667,18890242.93424547,29792564.0,1.0,18890242.93424547,10,31,delta_basin,0.6666666666666667,118173.93424547074,0.5
118,2000-11-30,18443114.0,0.6666666666666667,19212180.04691642,29763964.0,1.0,19212180.04691642,11,30,delta_basin,0.7000000000000001,751344.1782701602,0.9
119,2000-12-31,18453007.0,0.7000000000000001,19837616.651353136,29792564.0,1.0,19837616.651353136,12,31,delta_basin,0.6,1384609.6513531364,0.43333333333333335
120,2001-01-31,18482402.0,0.5333333333333333,20973686.112570137,29792564.0,1.0,20973686.112570137,1,31,delta_basin,0.4,2491284.112570137,0.3
121,2001-02-28,18777662.0,0.3666666666666667,23526854.704619594,29792564.0,1.0,23526854.704619594,2,28,delta_basin,0.3,4749192.704619592,0.33333333333333337
122,2001-03-31,20055152.0,0.3666666666666667,27115316.515201584,29776839.0,1.0,27115316.515201584,3,31,delta_basin,0.43333333333333335,7049573.489565853,0.4
123,2001-04-30,21952062.0,0.43333333333333335,27323870.51493197,29776839.0,1.0,27323870.51493197,4,30,delta_basin,0.43333333333333335,5360215.74059652,0.43333333333333335
124,2001-05-31,22707062.0,0.43333333333333335,23835154.880385313,29776839.0,1.0,23835154.880385313,5,31,delta_basin,0.3666666666666667,1116101.3943195841,0.3666666666666667
125,2001-06-30,22380404.0,0.3666666666666667,22392249.478155136,29776839.0,1.0,22392249.478155136,6,30,delta_basin,0.3666666666666667,26.498548199499837,0.5
126,2001-07-31,19830881.0,0.33333333333333337,19841353.589240417,29776839.0,1.0,19841353.589240417,7,31,delta_basin,0.33333333333333337,,0.5
127,2001-08-31,17422176.0,0.3666666666666667,17431376.564156592,29776839.0,1.0,17431376.564156592,8,31,delta_basin,0.3666666666666667,,0.5
128,2001-09-30,15690322.0,0.3666666666666667,15698607.980706347,29776839.0,1.0,15698607.980706347,9,30,delta_basin,0.3666666666666667,,0.5
129,2001-10-31,14842195.0,0.3666666666666667,14852239.882135492,29776839.0,1.0,14852239.882135492,10,31,delta_basin,0.3666666666666667,2206.7930631409686,0.5
130,2001-11-30,13967732.0,0.3,14459357.801086195,29463839.0,1.0,14459357.801086195,11,30,delta_basin,0.33333333333333337,335789.2618728223,0.46666666666666673
131,2001-12-31,14542616.0,0.33333333333333337,18523568.595318705,29776839.0,1.0,18523568.595318705,12,31,delta_basin,0.5333333333333333,3973272.7124204547,0.9666666666666668
132,2002-01-31,17114640.0,0.43333333333333335,22817000.862525836,29776839.0,1.0,22817000.862525836,1,31,delta_basin,0.5666666666666668,5693322.706595315,0.7666666666666667
133,2002-02-28,19569598.0,0.4,26267177.9361476,29776839.0,1.0,26267177.9361476,2,28,delta_basin,0.5666666666666668,6687245.329154896,0.5666666666666668
134,2002-03-31,20801203.0,0.5666666666666668,28684850.41256678,29776839.0,1.0,28684850.41256678,3,31,delta_basin,0.5666666666666668,7872662.401122989,0.46666666666666673
135,2002-04-30,22234078.0,0.46666666666666673,27599893.115885742,29776839.0,1.0,27599893.115885742,4,30,delta_basin,0.46666666666666673,5354073.4103088025,0.4
136,2002-05-31,23263399.0,0.46666666666666673,25137183.497578807,29776839.0,1.0,25137183.497578807,5,31,delta_basin,0.46666666666666673,1861499.2127211727,0.5333333333333333
137,2002-06-30,23100347.0,0.46666666666666673,23145687.75744829,29776839.0,1.0,23145687.75744829,6,30,delta_basin,0.46666666666666673,33141.5795377335,0.5
138,2002-07-31,21011945.0,0.43333333333333335,21023041.303241756,29776839.0,1.0,21023041.303241756,7,31,delta_basin,0.43333333333333335,,0.5
139,2002-08-31,18241192.0,0.43333333333333335,18250825.08241684,29776839.0,1.0,18250825.08241684,8,31,delta_basin,0.43333333333333335,,0.5
140,2002-09-30,16443679.0,0.43333333333333335,16452362.824776532,29776839.0,1.0,16452362.824776532,9,30,delta_basin,0.43333333333333335,,0.5
141,2002-10-31,15375811.0,0.43333333333333335,15386770.324630558,29776839.0,1.0,15386770.324630558,10,31,delta_basin,0.4,2839.435612955509,0.5
142,2002-11-30,14414555.0,0.3666666666666667,15054166.339902023,29776839.0,1.0,15054166.339902023,11,30,delta_basin,0.4,631999.0853784665,0.7666666666666667
143,2002-12-31,14545461.0,0.3666666666666667,16837397.146727975,29776839.0,1.0,16837397.146727975,12,31,delta_basin,0.3666666666666667,2284254.761399433,0.7000000000000001
144,2003-01-31,17386631.0,0.46666666666666673,22824048.54951227,29776839.0,1.0,22824048.54951227,1,31,delta_basin,0.6,5428235.756492705,0.7333333333333334
145,2003-02-28,19739555.0,0.5,25205839.82520564,29776839.0,1.0,25205839.82520564,2,28,delta_basin,0.5,5455860.464769834,0.43333333333333335
146,2003-03-31,20601025.0,0.5333333333333333,26464115.497994125,29776839.0,1.0,26464115.497994125,3,31,delta_basin,0.4,5852211.199552642,0.3666666666666667
147,2003-04-30,22577123.0,0.5,28824278.975080565,29776839.0,1.0,28824278.975080565,4,30,delta_basin,0.5333333333333333,6235233.109151948,0.5333333333333333
148,2003-05-31,24206742.0,0.5666666666666668,30198763.084454168,29776839.0,1.0,30198763.084454168,5,31,delta_basin,0.7333333333333334,5979237.624868347,0.7000000000000001
149,2003-06-30,25340714.0,0.6666666666666667,25783406.61414643,29776839.0,1.0,25783406.61414643,6,30,delta_basin,0.6666666666666667,429310.3096093402,0.5
150,2003-07-31,24648339.0,0.6666666666666667,24667059.407850713,29776839.0,1.0,24667059.407850713,7,31,delta_basin,0.6666666666666667,5703.743094085085,0.5
151,2003-08-31,21590404.0,0.6333333333333334,21684903.597705353,29776839.0,1.0,21684903.597705353,8,31,delta_basin,0.6333333333333334,83097.81315394632,0.5
152,2003-09-30,19470669.0,0.6333333333333334,19525609.9522951,29776839.0,1.0,19525609.9522951,9,30,delta_basin,0.6666666666666667,44658.58921334226,0.5
153,2003-10-31,18627456.0,0.6333333333333334,18678507.599287618,29719798.0,1.0,18678507.599287618,10,31,delta_basin,0.6333333333333334,5444.10682431333,0.5
154,2003-11-30,17819869.0,0.6,18538793.092630286,29776839.0,1.0,18538793.092630286,11,30,delta_basin,0.6,709513.508786075,0.8333333333333335
155,2003-12-31,17726905.0,0.6,20075561.016978525,29776839.0,1.0,20075561.016978525,12,31,delta_basin,0.7000000000000001,2339294.526958549,0.7333333333333334
156,2004-01-31,19044131.0,0.6666666666666667,25277521.528051898,29776839.0,1.0,25277521.528051898,1,31,delta_basin,0.8666666666666667,6223333.417558236,0.8
157,2004-02-29,20435233.0,0.6,28375177.49409353,29776839.0,1.0,28375177.49409353,2,29,delta_basin,0.6666666666666667,7929152.749579447,0.6666666666666667
158,2004-03-31,22312658.0,0.6666666666666667,31512838.508540206,29776839.0,1.0,31512838.508540206,3,31,delta_basin,0.6,9188397.30525761,0.6
159,2004-04-30,23710932.0,0.7000000000000001,28961496.37459945,29776839.0,1.0,28961496.37459945,4,30,delta_basin,0.5666666666666668,5238042.749799048,0.3666666666666667
160,2004-05-31,23903319.0,0.5333333333333333,24913110.129911654,29776839.0,1.0,24913110.129911654,5,31,delta_basin,0.43333333333333335,997167.9064971444,0.33333333333333337
161,2004-06-30,22961194.0,0.43333333333333335,22976854.421500318,29776839.0,1.0,22976854.421500318,6,30,delta_basin,0.43333333333333335,3534.729594267611,0.5
162,2004-07-31,20576173.0,0.4,20588713.240608316,29776839.0,1.0,20588713.240608316,7,31,delta_basin,0.4,1674.0663839470749,0.5
163,2004-08-31,17779889.0,0.4,17790914.25153751,29776839.0,1.0,17790914.25153751,8,31,delta_basin,0.4,1635.780931681317,0.5
164,2004-09-30,15954473.0,0.4,15964219.887186548,29776839.0,1.0,15964219.887186548,9,30,delta_basin,0.4,1321.409656009303,0.5
165,2004-10-31,15186202.0,0.4,15642041.40041937,29776839.0,1.0,15642041.40041937,10,31,delta_basin,0.43333333333333335,447819.642967951,0.5
166,2004-11-30,15002511.0,0.43333333333333335,16580352.120090764,29776839.0,1.0,16580352.120090764,11,30,delta_basin,0.5,1569918.3689392735,1.0
167,2004-12-31,15355520.0,0.43333333333333335,18222998.028870754,29776839.0,1.0,18222998.028870754,12,31,delta_basin,0.46666666666666673,2859368.8554289397,0.8333333333333335
168,2005-01-31,16563685.0,0.3666666666666667,24444206.08165687,29776839.0,1.0,24444206.08165687,1,31,delta_basin,0.7666666666666667,7871773.882310929,0.9333333333333335
169,2005-02-28,19578059.0,0.43333333333333335,29182607.117277868,29776839.0,1.0,29182607.117277868,2,28,delta_basin,0.7666666666666667,9594209.042073313,0.8666666666666667
170,2005-03-31,20978618.0,0.6333333333333334,31782098.98529931,29776839.0,1.0,31782098.98529931,3,31,delta_basin,0.6666666666666667,10792402.281879848,0.8
171,2005-04-30,23293148.0,0.5666666666666668,35212005.00739807,29776839.0,1.0,35212005.00739807,4,30,delta_basin,0.8,11906556.012242071,0.7666666666666667
172,2005-05-31,24300150.0,0.6,31969355.164222762,29776839.0,1.0,31969355.164222762,5,31,delta_basin,0.8333333333333335,7656372.376338526,0.8666666666666667
173,2005-06-30,27054520.0,0.9333333333333335,28323314.246524755,29776839.0,1.0,28323314.246524755,6,30,delta_basin,0.8333333333333335,1254506.8895961049,0.5
174,2005-07-31,27095851.0,0.8333333333333335,27111736.82167372,29776839.0,1.0,27111736.82167372,7,31,delta_basin,0.8333333333333335,1576.638050336138,0.5
175,2005-08-31,25010392.0,0.8,25023931.385328565,29776839.0,1.0,25023931.385328565,8,31,delta_basin,0.8,331.5221903685754,0.5
176,2005-09-30,22709141.0,0.8,22721133.58397525,29776839.0,1.0,22721133.58397525,9,30,delta_basin,0.8,,0.5
177,2005-10-31,21564512.0,0.8666666666666667,21578883.191993564,29776839.0,1.0,21578883.191993564,10,31,delta_basin,0.8666666666666667,2983.080878075689,0.5
178,2005-11-30,20808708.0,0.8666666666666667,20949120.672407765,29776839.0,1.0,20949120.672407765,11,30,delta_basin,0.8666666666666667,129423.69761093933,0.23333333333333336
179,2005-12-31,20754527.0,0.8333333333333335,22269024.114746504,29776839.0,1.0,22269024.114746504,12,31,delta_basin,0.9,1503536.7526652543,0.5
180,2006-01-31,24425587.0,1.0,29283747.408195022,29776839.0,1.0,29283747.408195022,1,31,delta_basin,0.9666666666666668,4845261.377657396,0.6333333333333334
181,2006-02-28,23780844.0,0.9666666666666668,30205077.357766673,29776839.0,1.0,30205077.357766673,2,28,delta_basin,0.8333333333333335,6411674.812788144,0.5333333333333333
182,2006-03-31,24595803.0,0.9666666666666668,34274788.652927086,29776839.0,1.0,34274788.652927086,3,31,delta_basin,0.8333333333333335,9665996.732169744,0.6666666666666667
183,2006-04-30,25160185.0,1.0,38870752.21234043,29776839.0,1.0,38870752.21234043,4,30,delta_basin,0.9666666666666668,13697280.244266853,0.8666666666666667
184,2006-05-31,26344747.0,1.0,33969859.97854998,29776839.0,1.0,33969859.97854998,5,31,delta_basin,0.9,7611200.44919873,0.8333333333333335
185,2006-06-30,28095638.0,1.0,29275684.069740433,29776839.0,1.0,29275684.069740433,6,30,delta_basin,0.9,1165208.9035942904,0.5
186,2006-07-31,27750065.0,0.9666666666666668,27764719.67077029,29776839.0,1.0,27764719.67077029,7,31,delta_basin,0.9,,0.5
187,2006-08-31,25504604.0,0.8666666666666667,25518072.85402779,29776839.0,1.0,25518072.85402779,8,31,delta_basin,0.8666666666666667,,0.5
188,2006-09-30,23123514.0,0.8666666666666667,23135725.412287585,29776839.0,1.0,23135725.412287585,9,30,delta_basin,0.8666666666666667,,0.5
189,2006-10-31,21872254.0,0.9,21883804.628129132,29776839.0,1.0,21883804.628129132,10,31,delta_basin,0.9,,0.5
190,2006-11-30,21163371.0,0.9,21353792.29592006,29776839.0,1.0,21353792.29592006,11,30,delta_basin,0.9,179245.02536377456,0.26666666666666666
191,2006-12-31,21141105.0,0.9,22380389.447964977,29776839.0,1.0,22380389.447964977,12,31,delta_basin,0.9333333333333335,1228119.9359721178,0.3666666666666667
192,2007-01-31,21916137.0,0.9,24424114.254927006,29776839.0,1.0,24424114.254927006,1,31,delta_basin,0.7333333333333334,2496403.45240468,0.33333333333333337
193,2007-02-28,21848575.0,0.8333333333333335,25075022.709903095,29776839.0,1.0,25075022.709903095,2,28,delta_basin,0.46666666666666673,3214909.5865356335,0.2
194,2007-03-31,23044356.0,0.7666666666666667,27993148.261757635,29776839.0,1.0,27993148.261757635,3,31,delta_basin,0.5333333333333333,4936622.652414611,0.23333333333333336
195,2007-04-30,23766459.0,0.7333333333333334,26340583.932347637,29776839.0,1.0,26340583.932347637,4,30,delta_basin,0.3666666666666667,2561573.9840157786,0.13333333333333333
196,2007-05-31,23641130.0,0.5,24184059.564102445,29776839.0,1.0,24184059.564102445,5,31,delta_basin,0.4,530444.8013897188,0.16666666666666669
197,2007-06-30,22289563.0,0.33333333333333337,22301334.006928407,29776839.0,1.0,22301334.006928407,6,30,delta_basin,0.33333333333333337,,0.5
198,2007-07-31,19623104.0,0.3,19633466.863244146,29776839.0,1.0,19633466.863244146,7,31,delta_basin,0.3,,0.5
199,2007-08-31,17116494.0,0.3,17133502.079367578,29776839.0,1.0,17133502.079367578,8,31,delta_basin,0.26666666666666666,7968.944348914432,0.5
200,2007-09-30,15321167.0,0.3,15329258.03179404,29776839.0,1.0,15329258.03179404,9,30,delta_basin,0.3,,0.5
201,2007-10-31,14441524.0,0.3,14455652.072446244,29776839.0,1.0,14455652.072446244,10,31,delta_basin,0.3,6501.575728443281,0.5
202,2007-11-30,14108710.0,0.33333333333333337,14143162.168666331,29776839.0,1.0,14143162.168666331,11,30,delta_basin,0.3,27001.42936018827,0.06666666666666667
203,2007-12-31,14038437.0,0.3,15122203.63359565,29776839.0,1.0,15122203.63359565,12,31,delta_basin,0.26666666666666666,1076353.0051099332,0.3
204,2008-01-31,14426796.0,0.33333333333333337,19171974.28002097,29776839.0,1.0,19171974.28002097,1,31,delta_basin,0.3,4737559.561086433,0.6
205,2008-02-29,16070046.0,0.3,24745202.90716231,29776839.0,1.0,24745202.90716231,2,29,delta_basin,0.43333333333333335,8666670.396107525,0.7666666666666667
206,2008-03-31,17767308.0,0.26666666666666666,27601716.244308252,29776839.0,1.0,27601716.244308252,3,31,delta_basin,0.46666666666666673,9825025.417665709,0.7333333333333334
207,2008-04-30,18567030.0,0.2,25727544.771748282,29776839.0,1.0,25727544.771748282,4,30,delta_basin,0.33333333333333337,7150709.615910554,0.6333333333333334
208,2008-05-31,18644499.0,0.16666666666666669,20268090.801550977,29776839.0,1.0,20268090.801550977,5,31,delta_basin,0.16666666666666669,1613745.73472115,0.46666666666666673
209,2008-06-30,18788184.0,0.16666666666666669,18862144.617967747,29776839.0,1.0,18862144.617967747,6,30,delta_basin,0.16666666666666669,64038.67180684119,0.5
210,2008-07-31,16956655.0,0.16666666666666669,16965609.72484084,29776839.0,1.0,16965609.72484084,7,31,delta_basin,0.16666666666666669,,0.5
211,2008-08-31,14639441.0,0.16666666666666669,14647172.0156973,29776839.0,1.0,14647172.0156973,8,31,delta_basin,0.16666666666666669,,0.5
212,2008-09-30,12789204.0,0.16666666666666669,12796629.551772626,29776839.0,1.0,12796629.551772626,9,30,delta_basin,0.16666666666666669,671.6369967827573,0.5
213,2008-10-31,11760295.0,0.16666666666666669,11768812.540933335,29776839.0,1.0,11768812.540933335,10,31,delta_basin,0.16666666666666669,2306.98786304403,0.5
214,2008-11-30,11120705.0,0.16666666666666669,11311024.425874408,29776839.0,1.0,11311024.425874408,11,30,delta_basin,0.13333333333333333,184446.63708964107,0.3
215,2008-12-31,11421980.0,0.16666666666666669,12471984.019324394,29776839.0,1.0,12471984.019324394,12,31,delta_basin,0.16666666666666669,1043972.1287163958,0.23333333333333336
216,2009-01-31,11491181.0,0.16666666666666669,14600543.059835326,29776839.0,1.0,14600543.059835326,1,31,delta_basin,0.16666666666666669,3103293.624524747,0.4
217,2009-02-28,12362992.0,0.13333333333333333,17218509.61668521,29776839.0,1.0,17218509.61668521,2,28,delta_basin,0.16666666666666669,4848988.782338487,0.3666666666666667
218,2009-03-31,14465603.0,0.13333333333333333,22482578.12591327,29776839.0,1.0,22482578.12591327,3,31,delta_basin,0.16666666666666669,8009335.913195793,0.5
219,2009-04-30,17862981.0,0.16666666666666669,24190764.44560808,29776839.0,1.0,24190764.44560808,4,30,delta_basin,0.23333333333333336,6318350.094531929,0.6
220,2009-05-31,18824921.0,0.2,20487275.447499555,29776839.0,1.0,20487275.447499555,5,31,delta_basin,0.2,1652413.1007123722,0.5
221,2009-06-30,20363195.0,0.23333333333333336,20414531.656113856,29776839.0,1.0,20414531.656113856,6,30,delta_basin,0.23333333333333336,40582.95450788616,0.5
222,2009-07-31,18829594.0,0.26666666666666666,18839537.814575147,29776839.0,1.0,18839537.814575147,7,31,delta_basin,0.26666666666666666,,0.5
223,2009-08-31,16676905.0,0.26666666666666666,17248161.37222804,28805839.0,1.0,17248161.37222804,8,31,delta_basin,0.3,,0.5
224,2009-09-30,14939322.0,0.26666666666666666,14947211.381356092,29776839.0,1.0,14947211.381356092,9,30,delta_basin,0.26666666666666666,,0.5
225,2009-10-31,13972352.0,0.26666666666666666,14041228.580747044,29776839.0,1.0,14041228.580747044,10,31,delta_basin,0.26666666666666666,61497.85141986457,0.5
226,2009-11-30,13554234.0,0.26666666666666666,13818082.005839633,29776839.0,1.0,13818082.005839633,11,30,delta_basin,0.26666666666666666,256690.0825405883,0.43333333333333335
227,2009-12-31,13159199.0,0.26666666666666666,14992961.547081798,29776839.0,1.0,14992961.547081798,12,31,delta_basin,0.23333333333333336,1826813.2397938427,0.5333333333333333
228,2010-01-31,13688264.0,0.3,17981519.9918413,29776839.0,1.0,17981519.9918413,1,31,delta_basin,0.23333333333333336,4286027.287968472,0.5333333333333333
229,2010-02-28,16016097.0,0.26666666666666666,23550282.79672432,29776839.0,1.0,23550282.79672432,2,28,delta_basin,0.33333333333333337,7525727.775867069,0.6333333333333334
230,2010-03-31,18098089.0,0.3,27780686.17439901,29776839.0,1.0,27780686.17439901,3,31,delta_basin,0.5,9673039.663961958,0.7000000000000001
231,2010-04-30,20294066.0,0.3,30759108.028818265,29776839.0,1.0,30759108.028818265,4,30,delta_basin,0.6666666666666667,10454324.833892033,0.7333333333333334
232,2010-05-31,22263105.0,0.33333333333333337,29880722.705574147,29776839.0,1.0,29880722.705574147,5,31,delta_basin,0.7000000000000001,7605860.670983439,0.8
233,2010-06-30,23102440.0,0.5,24821904.450394087,29776839.0,1.0,24821904.450394087,6,30,delta_basin,0.5333333333333333,1707264.1671806797,0.5
234,2010-07-31,24088078.0,0.6,24101914.8273116,29776839.0,1.0,24101914.8273116,7,31,delta_basin,0.6,1116.033591693052,0.5
235,2010-08-31,21777671.0,0.6666666666666667,21789171.679319084,29776839.0,1.0,21789171.679319084,8,31,delta_basin,0.6666666666666667,,0.5
236,2010-09-30,19472110.0,0.6666666666666667,19482393.124066662,29776839.0,1.0,19482393.124066662,9,30,delta_basin,0.6333333333333334,,0.5
237,2010-10-31,18125635.0,0.6,18137383.598409835,29776839.0,1.0,18137383.598409835,10,31,delta_basin,0.6,2176.541067717694,0.5
238,2010-11-30,17980780.0,0.6333333333333334,18715809.166479554,29776839.0,1.0,18715809.166479554,11,30,delta_basin,0.6333333333333334,725533.6063396751,0.8666666666666667
239,2010-12-31,18305151.0,0.6333333333333334,22113042.196981344,29776839.0,1.0,22113042.196981344,12,31,delta_basin,0.8333333333333335,3798224.3381359503,0.9333333333333335
240,2011-01-31,20855912.0,0.8,27934047.67159462,29776839.0,1.0,27934047.67159462,1,31,delta_basin,0.9333333333333335,7067121.768601088,0.9
241,2011-02-28,21743762.0,0.7666666666666667,29861854.4982134,29776839.0,1.0,29861854.4982134,2,28,delta_basin,0.8,8106609.726067907,0.7333333333333334
242,2011-03-31,22788075.0,0.7000000000000001,35501486.865523264,29776839.0,1.0,35501486.865523264,3,31,delta_basin,0.9,12701377.596896732,0.8333333333333335
243,2011-04-30,24251536.0,0.8666666666666667,39377518.88387367,29776839.0,1.0,39377518.88387367,4,30,delta_basin,1.0,15113175.768800106,0.9666666666666668
244,2011-05-31,25222388.0,0.7666666666666667,35665217.66774533,29776839.0,1.0,35665217.66774533,5,31,delta_basin,0.9333333333333335,10429509.850578036,0.9333333333333335
245,2011-06-30,26074060.0,0.7666666666666667,30640223.019369155,29776839.0,1.0,30640223.019369155,6,30,delta_basin,0.9333333333333335,4552393.438471061,0.5
246,2011-07-31,27700466.0,0.9333333333333335,27854374.789311353,29776839.0,1.0,27854374.789311353,7,31,delta_basin,0.9333333333333335,139280.3115253098,0.5
247,2011-08-31,26793325.0,0.9666666666666668,26807474.4211533,29776839.0,1.0,26807474.4211533,8,31,delta_basin,0.9666666666666668,,0.5
248,2011-09-30,24378912.0,0.9666666666666668,24391786.381703176,29776839.0,1.0,24391786.381703176,9,30,delta_basin,0.9666666666666668,,0.5
249,2011-10-31,22731464.0,0.9666666666666668,22752241.396083523,29776839.0,1.0,22752241.396083523,10,31,delta_basin,0.9666666666666668,8773.023443431393,0.5
250,2011-11-30,22066691.0,0.9666666666666668,22481157.45096933,29776839.0,1.0,22481157.45096933,11,30,delta_basin,0.9666666666666668,402813.1416313257,0.6333333333333334
251,2011-12-31,21581959.0,0.9666666666666668,22245426.10015488,29776839.0,1.0,22245426.10015488,12,31,delta_basin,0.8666666666666667,652069.7753658039,0.06666666666666667
252,2012-01-31,21287324.0,0.8666666666666667,22350536.25373821,29641556.0,1.0,22350536.25373821,1,31,delta_basin,0.5333333333333333,954764.6330197843,0.06666666666666667
253,2012-02-29,21344332.0,0.7333333333333334,23609943.3066139,29641556.0,1.0,23609943.3066139,2,29,delta_basin,0.3666666666666667,2156873.2603839394,0.16666666666666669
254,2012-03-31,20898784.0,0.6,24430388.14371237,29776839.0,1.0,24430388.14371237,3,31,delta_basin,0.3,3520567.6002297024,0.1
255,2012-04-30,23194044.0,0.5333333333333333,27709084.416517615,29776839.0,1.0,27709084.416517615,4,30,delta_basin,0.5,4502791.757689187,0.26666666666666666
256,2012-05-31,25609727.0,0.9333333333333335,26232027.006509002,29776839.0,1.0,26232027.006509002,5,31,delta_basin,0.5666666666666668,608775.6375497908,0.2
257,2012-06-30,25051556.0,0.6333333333333334,25064785.601641063,29776839.0,1.0,25064785.601641063,6,30,delta_basin,0.6,,0.5
258,2012-07-31,22644550.0,0.5,22656508.473790653,29776839.0,1.0,22656508.473790653,7,31,delta_basin,0.5,,0.5
259,2012-08-31,19828498.0,0.5,19838969.330790013,29776839.0,1.0,19838969.330790013,8,31,delta_basin,0.5,,0.5
260,2012-09-30,17606971.0,0.5,17616269.153473407,29776839.0,1.0,17616269.153473407,9,30,delta_basin,0.5,,0.5
261,2012-10-31,16464554.0,0.5,16644944.003878616,29776839.0,1.0,16644944.003878616,10,31,delta_basin,0.5,171695.15511881295,0.5
262,2012-11-30,15648390.0,0.5,16011519.09298631,29776839.0,1.0,16011519.09298631,11,30,delta_basin,0.46666666666666673,354865.2563597956,0.5666666666666668
263,2012-12-31,16167588.0,0.5,18517561.35602171,29776839.0,1.0,18517561.35602171,12,31,delta_basin,0.5,2341435.333523755,0.7666666666666667
264,2013-01-31,19606352.0,0.7000000000000001,24495247.27952748,29776839.0,1.0,24495247.27952748,1,31,delta_basin,0.8,4878541.262930888,0.6666666666666667
265,2013-02-28,20225143.0,0.5666666666666668,25379216.69123264,29776839.0,1.0,25379216.69123264,2,28,delta_basin,0.5333333333333333,5143392.894198574,0.4
266,2013-03-31,20480252.0,0.43333333333333335,25504744.857001618,29776839.0,1.0,25504744.857001618,3,31,delta_basin,0.3666666666666667,5013677.338178413,0.26666666666666666
267,2013-04-30,21301776.0,0.4,23849588.490035646,29776839.0,1.0,23849588.490035646,4,30,delta_basin,0.2,2536563.128489916,0.1
268,2013-05-31,21606533.0,0.3,21898472.76867658,29776839.0,1.0,21898472.76867658,5,31,delta_basin,0.26666666666666666,280529.4664808026,0.1
269,2013-06-30,20418762.0,0.26666666666666666,20429545.046261225,29776839.0,1.0,20429545.046261225,6,30,delta_basin,0.26666666666666666,,0.5
270,2013-07-31,18409235.0,0.23333333333333336,18418956.825086102,29776839.0,1.0,18418956.825086102,7,31,delta_basin,0.23333333333333336,,0.5
271,2013-08-31,16119716.0,0.23333333333333336,16128228.74153378,29776839.0,1.0,16128228.74153378,8,31,delta_basin,0.23333333333333336,,0.5
272,2013-09-30,14654406.0,0.23333333333333336,14662328.167792402,29776839.0,1.0,14662328.167792402,9,30,delta_basin,0.23333333333333336,183.24915332189715,0.5
273,2013-10-31,13714309.0,0.23333333333333336,13732411.687352557,29776839.0,1.0,13732411.687352557,10,31,delta_basin,0.23333333333333336,10860.229245268227,0.5
274,2013-11-30,12745087.0,0.23333333333333336,12856750.801245656,29719798.0,1.0,12856750.801245656,11,30,delta_basin,0.2,80458.71026078465,0.1
275,2013-12-31,12434470.0,0.23333333333333336,12909982.893404227,29776839.0,1.0,12909982.893404227,12,31,delta_basin,0.2,468946.3118825938,0.03333333333333333
276,2014-01-31,12246520.0,0.2,12774967.80945376,29776839.0,1.0,12774967.80945376,1,31,delta_basin,0.06666666666666667,521980.483388693,0.03333333333333333
277,2014-02-28,12049595.0,0.1,13348000.784874184,29776839.0,1.0,13348000.784874184,2,28,delta_basin,0.06666666666666667,1292042.453918369,0.1
278,2014-03-31,12949999.0,0.06666666666666667,14990225.31308932,29776839.0,1.0,14990225.31308932,3,31,delta_basin,0.06666666666666667,2033387.4832768268,0.06666666666666667
279,2014-04-30,14789989.0,0.06666666666666667,16511053.184403671,29776839.0,1.0,16511053.184403671,4,30,delta_basin,0.06666666666666667,1713253.6650592573,0.06666666666666667
280,2014-05-31,15985374.0,0.1,16277984.308626562,29776839.0,1.0,16277984.308626562,5,31,delta_basin,0.06666666666666667,284168.5124322125,0.13333333333333333
281,2014-06-30,15539064.0,0.06666666666666667,15547270.102111777,29776839.0,1.0,15547270.102111777,6,30,delta_basin,0.06666666666666667,,0.5
282,2014-07-31,13989530.0,0.06666666666666667,13996917.80094321,29776839.0,1.0,13996917.80094321,7,31,delta_basin,0.06666666666666667,,0.5
283,2014-08-31,12192473.0,0.06666666666666667,12198911.784114223,29776839.0,1.0,12198911.784114223,8,31,delta_basin,0.06666666666666667,,0.5
284,2014-09-30,10885790.0,0.1,11007241.631532129,29463839.0,1.0,11007241.631532129,9,30,delta_basin,0.1,,0.5
285,2014-10-31,10274775.0,0.1,10389863.724911505,29463839.0,1.0,10389863.724911505,10,31,delta_basin,0.1,454.12444837357464,0.5
286,2014-11-30,9605428.0,0.1,9806397.121462572,29463839.0,1.0,9806397.121462572,11,30,delta_basin,0.1,93802.35615069505,0.16666666666666669
287,2014-12-31,9567862.0,0.1,10565046.232582927,29463839.0,1.0,10565046.232582927,12,31,delta_basin,0.03333333333333333,890436.5872421414,0.2
288,2015-01-31,12391631.0,0.23333333333333336,13736589.107410394,29776839.0,1.0,13736589.107410394,1,31,delta_basin,0.13333333333333333,1338414.1489507668,0.16666666666666669
289,2015-02-28,13233471.0,0.2,14286009.656767983,29776839.0,1.0,14286009.656767983,2,28,delta_basin,0.1,1045550.1268076672,0.03333333333333333
290,2015-03-31,15403895.0,0.2,16113053.923067985,29776839.0,1.0,16113053.923067985,3,31,delta_basin,0.1,701024.2030302056,0.03333333333333333
291,2015-04-30,15788826.0,0.1,16018413.091324203,29776839.0,1.0,16018413.091324203,4,30,delta_basin,0.03333333333333333,221249.0911472884,0.03333333333333333
292,2015-05-31,15605647.0,0.06666666666666667,15651837.66938421,29776839.0,1.0,15651837.66938421,5,31,delta_basin,0.03333333333333333,37949.40512258161,0.03333333333333333
293,2015-06-30,14743657.0,0.03333333333333333,14751443.051646551,29776839.0,1.0,14751443.051646551,6,30,delta_basin,0.03333333333333333,,0.5
294,2015-07-31,13334856.0,0.03333333333333333,13341898.0708726,29776839.0,1.0,13341898.0708726,7,31,delta_basin,0.03333333333333333,,0.5
295,2015-08-31,11528350.0,0.03333333333333333,11534438.064073892,29776839.0,1.0,11534438.064073892,8,31,delta_basin,0.03333333333333333,,0.5
296,2015-09-30,10271216.0,0.03333333333333333,10276640.17788537,29776839.0,1.0,10276640.17788537,9,30,delta_basin,0.03333333333333333,,0.5
297,2015-10-31,9590304.0,0.03333333333333333,9643729.7236139,29723439.0,1.0,9643729.7236139,10,31,delta_basin,0.03333333333333333,31122.457696385263,0.5
298,2015-11-30,8925195.0,0.03333333333333333,9503411.169416806,29752039.0,1.0,9503411.169416806,11,30,delta_basin,0.06666666666666667,566059.2370003405,0.7333333333333334
299,2015-12-31,8774378.0,0.03333333333333333,10885263.1464654,29752039.0,1.0,10885263.1464654,12,31,delta_basin,0.06666666666666667,2098933.6406055833,0.6
300,2016-01-31,9570373.0,0.06666666666666667,14791558.357556403,29776839.0,1.0,14791558.357556403,1,31,delta_basin,0.2,5216131.291360021,0.7000000000000001
301,2016-02-29,12958042.0,0.16666666666666669,19965520.63191612,29776839.0,1.0,19965520.63191612,2,29,delta_basin,0.2,7000635.554635484,0.6
302,2016-03-31,14822251.0,0.16666666666666669,22533250.054335557,29776839.0,1.0,22533250.054335557,3,31,delta_basin,0.2,7703171.497590028,0.43333333333333335
303,2016-04-30,19643657.0,0.23333333333333336,24780603.948133703,29776839.0,1.0,24780603.948133703,4,30,delta_basin,0.26666666666666666,5126573.2309528785,0.33333333333333337
304,2016-05-31,20987909.0,0.26666666666666666,22565052.25730791,29776839.0,1.0,22565052.25730791,5,31,delta_basin,0.3,1566059.64735774,0.43333333333333335
305,2016-06-30,21120989.0,0.3,21188862.733327806,29776839.0,1.0,21188862.733327806,6,30,delta_basin,0.3,56719.84449410354,0.5
306,2016-07-31,19845367.0,0.3666666666666667,19855847.239224687,29776839.0,1.0,19855847.239224687,7,31,delta_basin,0.3666666666666667,,0.5
307,2016-08-31,17304061.0,0.33333333333333337,17313199.188214842,29776839.0,1.0,17313199.188214842,8,31,delta_basin,0.33333333333333337,,0.5
308,2016-09-30,15545009.0,0.33333333333333337,15553218.241636595,29776839.0,1.0,15553218.241636595,9,30,delta_basin,0.33333333333333337,,0.5
309,2016-10-31,14635667.0,0.33333333333333337,14645118.06065576,29776839.0,1.0,14645118.06065576,10,31,delta_basin,0.33333333333333337,1722.0379890147767,0.5
310,2016-11-30,14748821.0,0.4,15001867.194698734,29776839.0,1.0,15001867.194698734,11,30,delta_basin,0.3666666666666667,245257.41596956883,0.3666666666666667
311,2016-12-31,15611365.0,0.46666666666666673,16979264.05876802,29776839.0,1.0,16979264.05876802,12,31,delta_basin,0.4,1359654.774859142,0.4
312,2017-01-31,18320614.0,0.5,24724550.138407774,29776839.0,1.0,24724550.138407774,1,31,delta_basin,0.8333333333333335,6394261.113629287,0.8333333333333335
313,2017-02-28,22333562.0,0.8666666666666667,34354110.26195742,29776839.0,1.0,34354110.26195742,2,28,delta_basin,0.9666666666666668,12008754.0193768,1.0
314,2017-03-31,24911317.0,1.0,39187269.108875826,29776839.0,1.0,39187269.108875826,3,31,delta_basin,1.0,14262796.566750444,1.0
315,2017-04-30,24602227.0,0.9333333333333335,38660888.350529514,29776839.0,1.0,38660888.350529514,4,30,delta_basin,0.9,14045669.037289854,0.9
316,2017-05-31,25281157.0,0.8,33508211.866921626,29776839.0,1.0,33508211.866921626,5,31,delta_basin,0.8666666666666667,8213704.014138866,0.9
317,2017-06-30,26522189.0,0.9,28547018.761141498,29776839.0,1.0,28547018.761141498,6,30,delta_basin,0.8666666666666667,2010823.5255560172,0.5
318,2017-07-31,26614567.0,0.8,26657806.051698346,29776839.0,1.0,26657806.051698346,7,31,delta_basin,0.8,29184.031752305586,0.5
319,2017-08-31,25397515.0,0.8333333333333335,25410927.300861586,29776839.0,1.0,25410927.300861586,8,31,delta_basin,0.8333333333333335,,0.5
320,2017-09-30,23154079.0,0.9,23166306.553511474,29776839.0,1.0,23166306.553511474,9,30,delta_basin,0.9,,0.5
321,2017-10-31,21354095.0,0.8,21384001.045859642,29776839.0,1.0,21384001.045859642,10,31,delta_basin,0.8,18629.05491123983,0.5
322,2017-11-30,19609713.0,0.8,19968178.327161204,29776839.0,1.0,19968178.327161204,11,30,delta_basin,0.8,348109.53563729645,0.5333333333333333
323,2017-12-31,19977941.0,0.8,20742337.46431836,29776839.0,1.0,20742337.46431836,12,31,delta_basin,0.7333333333333334,753846.2134262183,0.1
324,2018-01-31,19804555.0,0.7333333333333334,20819619.260335505,29776839.0,1.0,20819619.260335505,1,31,delta_basin,0.33333333333333337,1004605.5737242419,0.1
325,2018-02-28,20623000.0,0.6333333333333334,21969011.46899879,29776839.0,1.0,21969011.46899879,2,28,delta_basin,0.23333333333333336,1335120.5656695305,0.13333333333333333
326,2018-03-31,20224757.0,0.4,24210255.22189704,29776839.0,1.0,24210255.22189704,3,31,delta_basin,0.23333333333333336,3974817.628707647,0.16666666666666669
327,2018-04-30,23470060.0,0.6333333333333334,26679806.53665453,29776839.0,1.0,26679806.53665453,4,30,delta_basin,0.4,3197352.1151546487,0.23333333333333336
328,2018-05-31,25425878.0,0.8333333333333335,26183825.01214787,29776839.0,1.0,26183825.01214787,5,31,delta_basin,0.5333333333333333,744519.7329275964,0.3
329,2018-06-30,24902283.0,0.6,24917954.14376656,29776839.0,1.0,24917954.14376656,6,30,delta_basin,0.5666666666666668,2520.372451475797,0.5
330,2018-07-31,23188173.0,0.5666666666666668,23200418.55838264,29776839.0,1.0,23200418.55838264,7,31,delta_basin,0.5666666666666668,,0.5
331,2018-08-31,20490661.0,0.5666666666666668,20501482.015764132,29776839.0,1.0,20501482.015764132,8,31,delta_basin,0.5666666666666668,,0.5
332,2018-09-30,18648665.0,0.5666666666666668,18658513.266873628,29776839.0,1.0,18658513.266873628,9,30,delta_basin,0.5666666666666668,,0.5
333,2018-10-31,17613339.0,0.5666666666666668,17622640.51638241,29776839.0,1.0,17622640.51638241,10,31,delta_basin,0.5666666666666668,,0.5
334,2018-11-30,16786368.0,0.5333333333333333,17019428.06946946,29776839.0,1.0,17019428.06946946,11,30,delta_basin,0.5333333333333333,224195.2723430759,0.33333333333333337
335,2018-12-31,16357753.0,0.5333333333333333,18204165.01624873,29776839.0,1.0,18204165.01624873,12,31,delta_basin,0.43333333333333335,1837773.5685637668,0.5666666666666668
336,2019-01-31,17032880.0,0.4,21203128.844034668,29776839.0,1.0,21203128.844034668,1,31,delta_basin,0.46666666666666673,4161253.8651519204,0.5
337,2019-02-28,19607096.0,0.46666666666666673,28959757.106812965,29776839.0,1.0,28959757.106812965,2,28,delta_basin,0.7000000000000001,9342306.697313689,0.8333333333333335
338,2019-03-31,23485883.0,0.8333333333333335,37572577.92447788,29776839.0,1.0,37572577.92447788,3,31,delta_basin,0.9666666666666668,14074292.146930708,0.9666666666666668
339,2019-04-30,24411022.0,0.9,37329654.84453993,29776839.0,1.0,37329654.84453993,4,30,delta_basin,0.8333333333333335,12905741.505706081,0.8333333333333335
340,2019-05-31,25572156.0,0.9,31594512.904533412,29776839.0,1.0,31594512.904533412,5,31,delta_basin,0.8,6008852.376631711,0.7333333333333334
341,2019-06-30,26298882.0,0.8333333333333335,28072871.920378238,29776839.0,1.0,28072871.920378238,6,30,delta_basin,0.8,1760101.6121044816,0.5
342,2019-07-31,27118874.0,0.8666666666666667,27147988.385736637,29776839.0,1.0,27147988.385736637,7,31,delta_basin,0.8666666666666667,14793.04378190804,0.5
343,2019-08-31,25603339.0,0.9,25616859.995488305,29776839.0,1.0,25616859.995488305,8,31,delta_basin,0.9,,0.5
344,2019-09-30,23073746.0,0.8333333333333335,23085931.13005528,29776839.0,1.0,23085931.13005528,9,30,delta_basin,0.8333333333333335,,0.5
345,2019-10-31,21453328.0,0.8333333333333335,21464657.39540023,29776839.0,1.0,21464657.39540023,10,31,delta_basin,0.8333333333333335,,0.5
346,2019-11-30,19589519.0,0.7666666666666667,19690496.503829695,29776839.0,1.0,19690496.503829695,11,30,delta_basin,0.7666666666666667,90632.37665635598,0.13333333333333333
347,2019-12-31,18849044.0,0.7333333333333334,21139836.55050932,29776839.0,1.0,21139836.55050932,12,31,delta_basin,0.7666666666666667,2280838.4644862856,0.6666666666666667
348,2020-01-31,20023060.0,0.7666666666666667,23511139.74751644,29776839.0,1.0,23511139.74751644,1,31,delta_basin,0.6333333333333334,3477505.6695056744,0.43333333333333335
349,2020-02-29,20756020.0,0.6666666666666667,24574117.858012013,29776839.0,1.0,24574117.858012013,2,29,delta_basin,0.4,3807136.7074849214,0.23333333333333336
350,2020-03-31,20563064.0,0.46666666666666673,24360911.282161888,29776839.0,1.0,24360911.282161888,3,31,delta_basin,0.26666666666666666,3786988.0307349665,0.13333333333333333
351,2020-04-30,21046074.0,0.3666666666666667,25645028.98354823,29776839.0,1.0,25645028.98354823,4,30,delta_basin,0.3,4587840.656951977,0.3
352,2020-05-31,22550371.0,0.4,23210161.966488052,29776839.0,1.0,23210161.966488052,5,31,delta_basin,0.33333333333333337,647882.2281570614,0.26666666666666666
353,2020-06-30,22802981.0,0.4,22817270.962293256,29776839.0,1.0,22817270.962293256,6,30,delta_basin,0.4,2247.821882548428,0.5
354,2020-07-31,21073596.0,0.46666666666666673,21085006.94214658,29776839.0,1.0,21085006.94214658,7,31,delta_basin,0.46666666666666673,282.0813195430627,0.5
355,2020-08-31,18841175.0,0.46666666666666673,18851407.011762965,29776839.0,1.0,18851407.011762965,8,31,delta_basin,0.46666666666666673,282.0813195430627,0.5
356,2020-09-30,17256422.0,0.46666666666666673,17265959.007067993,29776839.0,1.0,17265959.007067993,9,30,delta_basin,0.46666666666666673,423.9767711919973,0.5
357,2020-10-31,16251129.0,0.46666666666666673,16338015.743847385,29634939.0,1.0,16338015.743847385,10,31,delta_basin,0.46666666666666673,448.7657356366906,0.5
358,2020-11-30,15312371.0,0.46666666666666673,15667434.669693416,29776839.0,1.0,15667434.669693416,11,30,delta_basin,0.43333333333333335,346977.2830230584,0.5
359,2020-12-31,14827560.0,0.4,15904554.781532738,29776839.0,1.0,15904554.781532738,12,31,delta_basin,0.3,1069164.4211308155,0.26666666666666666
360,2021-01-31,14623126.0,0.33333333333333337,16821836.153191682,29776839.0,1.0,16821836.153191682,1,31,delta_basin,0.2,2190987.7533644186,0.23333333333333336
361,2021-02-28,14993814.0,0.23333333333333336,20062537.184928916,29776839.0,1.0,20062537.184928916,2,28,delta_basin,0.2,5060805.026619701,0.3666666666666667
362,2021-03-31,15656893.0,0.2,21562492.247064486,29776839.0,1.0,21562492.247064486,3,31,delta_basin,0.13333333333333333,5897330.920046128,0.3666666666666667
363,2021-04-30,15932644.0,0.1,19097480.374559753,29776839.0,1.0,19097480.374559753,4,30,delta_basin,0.13333333333333333,3156422.424815122,0.2
364,2021-05-31,16054601.0,0.1,16342276.074068937,29776839.0,1.0,16342276.074068937,5,31,delta_basin,0.06666666666666667,279196.7194415387,0.06666666666666667
365,2021-06-30,15494113.0,0.03333333333333333,15502295.36371312,29776839.0,1.0,15502295.36371312,6,30,delta_basin,0.03333333333333333,,0.5
366,2021-07-31,13953894.0,0.03333333333333333,14109576.150080645,29463839.0,1.0,14109576.150080645,7,31,delta_basin,0.06666666666666667,,0.5
367,2021-08-31,12080992.0,0.03333333333333333,12215778.376452845,29463839.0,1.0,12215778.376452845,8,31,delta_basin,0.06666666666666667,,0.5
368,2021-09-30,10754372.0,0.06666666666666667,10874357.414517775,29463839.0,1.0,10874357.414517775,9,30,delta_basin,0.06666666666666667,,0.5
369,2021-10-31,10027526.0,0.06666666666666667,10250636.604110466,29463839.0,1.0,10250636.604110466,10,31,delta_basin,0.06666666666666667,111234.53513147151,0.5
370,2021-11-30,10526367.0,0.1,10828638.450346267,29463839.0,1.0,10828638.450346267,11,30,delta_basin,0.1,184829.86399782746,0.3
371,2021-12-31,11317235.0,0.13333333333333333,13611157.243070932,29463839.0,1.0,13611157.243070932,12,31,delta_basin,0.2,2167657.024360806,0.6333333333333334
372,2022-01-31,13022407.0,0.23333333333333336,18928089.576406963,29776839.0,1.0,18928089.576406963,1,31,delta_basin,0.26666666666666666,5898805.508291202,0.7666666666666667
373,2022-02-28,14381733.0,0.2,19963961.305624723,29776839.0,1.0,19963961.305624723,2,28,delta_basin,0.16666666666666669,5574633.384235488,0.43333333333333335
374,2022-03-31,14623680.0,0.13333333333333333,19396552.706524283,29776839.0,1.0,19396552.706524283,3,31,delta_basin,0.13333333333333333,4765150.014132388,0.2
375,2022-04-30,15177999.0,0.06666666666666667,17100956.2338689,29776839.0,1.0,17100956.2338689,4,30,delta_basin,0.06666666666666667,1914941.8083808245,0.06666666666666667
376,2022-05-31,16525362.0,0.1,17033946.29566043,29776839.0,1.0,17033946.29566043,5,31,delta_basin,0.06666666666666667,499857.3344994399,0.13333333333333333
377,2022-06-30,16998052.0,0.13333333333333333,17189437.66528565,29463839.0,1.0,17189437.66528565,6,30,delta_basin,0.13333333333333333,1740.1596982734632,0.5
378,2022-07-31,16085282.0,0.13333333333333333,16264743.82523771,29463839.0,1.0,16264743.82523771,7,31,delta_basin,0.13333333333333333,,0.5
379,2022-08-31,14379437.0,0.13333333333333333,14539866.889255947,29463839.0,1.0,14539866.889255947,8,31,delta_basin,0.13333333333333333,,0.5
380,2022-09-30,12460631.0,0.13333333333333333,13533459.423092527,27430839.0,1.0,13533459.423092527,9,30,delta_basin,0.2,,0.5
381,2022-10-31,12249695.0,0.2,12386451.282378262,29463839.0,1.0,12386451.282378262,10,31,delta_basin,0.2,87.70402786487809,0.5
382,2022-11-30,11362370.0,0.16666666666666669,12436563.484226273,29463839.0,1.0,12436563.484226273,11,30,delta_basin,0.16666666666666669,947424.6989960114,0.9333333333333335
383,2022-12-31,11063663.0,0.13333333333333333,14734521.83373649,29463839.0,1.0,14734521.83373649,12,31,delta_basin,0.2,3547422.691566592,0.9
384,2023-01-31,13497275.0,0.26666666666666666,22548992.19867582,29463839.0,1.0,22548992.19867582,1,31,delta_basin,0.5333333333333333,8901129.499483772,1.0
385,2023-02-28,18603214.0,0.3,30307927.322856773,29776839.0,1.0,30307927.322856773,2,28,delta_basin,0.8333333333333335,11694889.058429308,0.9666666666666668
386,2023-03-31,19782598.0,0.33333333333333337,37295846.86627786,29776839.0,1.0,37295846.86627786,3,31,delta_basin,0.9333333333333335,17502801.775048662,1.0
387,2023-04-30,23399815.0,0.6,42299048.19802046,29776839.0,1.0,42299048.19802046,4,30,delta_basin,1.0,18886875.872554347,1.0
388,2023-05-31,24682238.0,0.7000000000000001,36203938.7662246,29731239.0,1.0,36203938.7662246,5,31,delta_basin,0.9666666666666668,11470790.064341303,0.9666666666666668
389,2023-06-30,26421499.0,0.8666666666666667,29018988.476329267,29776839.0,1.0,29018988.476329267,6,30,delta_basin,0.8666666666666667,2583536.4146300396,0.5
390,2023-07-31,27177973.0,0.8666666666666667,27268956.722924817,29776839.0,1.0,27268956.722924817,7,31,delta_basin,0.8666666666666667,76631.17108326734,0.5
391,2023-08-31,26025893.0,0.9,26102118.820770696,29705561.0,1.0,26102118.820770696,8,31,delta_basin,0.9,,0.5
392,2023-09-30,23790409.0,0.9,23873277.207768995,29705561.0,1.0,23873277.207768995,9,30,delta_basin,0.9,13189.77435287496,0.5
393,2023-10-31,22090882.0,0.9,22156695.30191861,29705561.0,1.0,22156695.30191861,10,31,delta_basin,0.9,1112.5205852481006,0.5
394,2023-11-30,20315658.0,0.8333333333333335,20506923.599664535,29705561.0,1.0,20506923.599664535,11,30,delta_basin,0.8,131764.1752351478,0.23333333333333336
395,2023-12-31,19465803.0,0.7666666666666667,20112193.16545263,29560970.0,1.0,20112193.16545263,12,31,delta_basin,0.7000000000000001,493886.26656223333,0.03333333333333333
396,2024-01-31,19444539.0,0.6666666666666667,21623821.256264903,29350968.0,1.0,21623821.256264903,1,31,delta_basin,0.46666666666666673,1886732.0874171816,0.16666666666666669
397,2024-02-29,20904843.0,0.6666666666666667,26124207.82378638,29350968.0,1.0,26124207.82378638,2,29,delta_basin,0.5333333333333333,4904843.8495742865,0.3666666666666667
398,2024-03-31,22408625.0,0.6666666666666667,30693197.139197126,29350968.0,1.0,30693197.139197126,3,31,delta_basin,0.5666666666666668,7947426.217280686,0.46666666666666673
