,date,Unnamed: 0,value,month,year,Latitude,Longitude,capacity,reporting,percentage_of_reporting,value_period,day,HR_NAME,percentile,corrected_percentile,corrected_value
0,1991-01-01,2821.0,37761800.0,1,1991,142.46699999999998,-454.952,52939008.0,4.0,0.7133076615262606,37761800.0,31,Colorado River,0.7000000000000001,0.7000000000000001,37761800.0
1,1991-02-01,2825.0,37742773.0,2,1991,142.46699999999998,-454.952,52939008.0,4.0,0.7129482479157901,37742773.0,28,Colorado River,0.7000000000000001,0.7000000000000001,37742773.0
2,1991-03-01,2829.0,37644963.0,3,1991,142.46699999999998,-454.952,52939008.0,4.0,0.711100650015958,37644963.0,31,Colorado River,0.7000000000000001,0.7000000000000001,37644963.0
3,1991-04-01,2833.0,38387456.0,4,1991,142.46699999999998,-454.952,52939008.0,4.0,0.7251260922758507,38387456.0,30,Colorado River,0.7333333333333334,0.7333333333333334,38387456.0
4,1991-05-01,2755.0,36056800.0,5,1991,108.15,-340.796,52291008.0,3.0,0.6895411157497672,36056800.0,31,Colorado River,0.6333333333333334,0.6666666666666667,36503622.64300585
5,1991-06-01,2841.0,36964308.0,6,1991,142.46699999999998,-454.952,52939008.0,4.0,0.6982433067125096,36964308.0,30,Colorado River,0.6666666666666667,0.6666666666666667,36964308.0
6,1991-07-01,2845.0,37516800.0,7,1991,142.46699999999998,-454.952,52939008.0,4.0,0.7086796941869405,37516800.0,31,Colorado River,0.7000000000000001,0.7000000000000001,37516800.0
7,1991-08-01,2849.0,36809792.0,8,1991,142.46699999999998,-454.952,52939008.0,4.0,0.6953245516047448,36809792.0,31,Colorado River,0.7000000000000001,0.7000000000000001,36809792.0
8,1991-09-01,2853.0,36279808.0,9,1991,142.46699999999998,-454.952,52939008.0,4.0,0.6853133326563279,36279808.0,30,Colorado River,0.7000000000000001,0.7000000000000001,36279808.0
9,1991-10-01,2857.0,36058592.0,10,1991,142.46699999999998,-454.952,52939008.0,4.0,0.6811346370525114,36058592.0,31,Colorado River,0.7000000000000001,0.7000000000000001,36058592.0
10,1991-11-01,2861.0,35760596.0,11,1991,142.46699999999998,-454.952,52939008.0,4.0,0.67550559315354,35760596.0,30,Colorado River,0.7000000000000001,0.7000000000000001,35760596.0
11,1991-12-01,2865.0,35743392.0,12,1991,142.46699999999998,-454.952,52939008.0,4.0,0.6751806153980067,35743392.0,31,Colorado River,0.7000000000000001,0.7000000000000001,35743392.0
12,1992-01-01,2869.0,35872600.0,1,1992,142.46699999999998,-454.952,52939008.0,4.0,0.677621310924451,35872600.0,31,Colorado River,0.6666666666666667,0.6666666666666667,35872600.0
13,1992-02-01,2873.0,35899300.0,2,1992,142.46699999999998,-454.952,52939008.0,4.0,0.6781256649161238,35899300.0,29,Colorado River,0.6333333333333334,0.6333333333333334,35899300.0
14,1992-03-01,2877.0,36013092.0,3,1992,142.46699999999998,-454.952,52939008.0,4.0,0.6802751574037806,36013092.0,31,Colorado River,0.6333333333333334,0.6333333333333334,36013092.0
15,1992-04-01,2881.0,36126100.0,4,1992,142.46699999999998,-454.952,52939008.0,4.0,0.6824098403959515,36126100.0,30,Colorado River,0.6333333333333334,0.6333333333333334,36126100.0
16,1992-05-01,2885.0,36198400.0,5,1992,142.46699999999998,-454.952,52939008.0,4.0,0.6837755630026161,36198400.0,31,Colorado River,0.6666666666666667,0.6333333333333334,36198400.0
17,1992-06-01,2889.0,36995500.0,6,1992,142.46699999999998,-454.952,52939008.0,4.0,0.6988325130686242,36995500.0,30,Colorado River,0.7000000000000001,0.7000000000000001,36995500.0
18,1992-07-01,2893.0,36970992.0,7,1992,142.46699999999998,-454.952,52939008.0,4.0,0.6983695652173914,36970992.0,31,Colorado River,0.6666666666666667,0.6666666666666667,36970992.0
19,1992-08-01,2897.0,36379792.0,8,1992,142.46699999999998,-454.952,52939008.0,4.0,0.687201996682673,36379792.0,31,Colorado River,0.6666666666666667,0.6666666666666667,36379792.0
20,1992-09-01,2901.0,36017100.0,9,1992,142.46699999999998,-454.952,52939008.0,4.0,0.6803508671715194,36017100.0,30,Colorado River,0.6666666666666667,0.6666666666666667,36017100.0
21,1992-10-01,2905.0,35672300.0,10,1992,142.46699999999998,-454.952,52939008.0,4.0,0.6738377115037743,35672300.0,31,Colorado River,0.6666666666666667,0.6666666666666667,35672300.0
22,1992-11-01,2909.0,35418308.0,11,1992,142.46699999999998,-454.952,52939008.0,4.0,0.66903988831827,35418308.0,30,Colorado River,0.6666666666666667,0.6666666666666667,35418308.0
23,1992-12-01,2913.0,35278500.0,12,1992,142.46699999999998,-454.952,52939008.0,4.0,0.6663989623681653,35278500.0,31,Colorado River,0.6666666666666667,0.6666666666666667,35278500.0
24,1993-01-01,2917.0,35237492.0,1,1993,142.46699999999998,-454.952,52939008.0,4.0,0.6656243350838762,35237492.0,31,Colorado River,0.6333333333333334,0.6333333333333334,35237492.0
25,1993-02-01,2921.0,36036408.0,2,1993,142.46699999999998,-454.952,52939008.0,4.0,0.680715588777183,36036408.0,28,Colorado River,0.6666666666666667,0.6666666666666667,36036408.0
26,1993-03-01,2925.0,36767508.0,3,1993,142.46699999999998,-454.952,52939008.0,4.0,0.6945258211109661,36767508.0,31,Colorado River,0.6666666666666667,0.6666666666666667,36767508.0
27,1993-04-01,2929.0,37656092.0,4,1993,142.46699999999998,-454.952,52939008.0,4.0,0.7113108730711387,37656092.0,30,Colorado River,0.6666666666666667,0.6666666666666667,37656092.0
28,1993-05-01,2933.0,38228408.0,5,1993,142.46699999999998,-454.952,52939008.0,4.0,0.7221217292171398,38228408.0,31,Colorado River,0.7333333333333334,0.7333333333333334,38228408.0
29,1993-06-01,2937.0,40654284.0,6,1993,142.46699999999998,-454.952,52939008.0,4.0,0.767945708389549,40654284.0,30,Colorado River,0.7666666666666667,0.7666666666666667,40654284.0
30,1993-07-01,2941.0,42857492.0,7,1993,142.46699999999998,-454.952,52939008.0,4.0,0.8095635641680328,42857492.0,31,Colorado River,0.7666666666666667,0.7666666666666667,42857492.0
31,1993-08-01,2945.0,42854612.0,8,1993,142.46699999999998,-454.952,52939008.0,4.0,0.8095091619397174,42854612.0,31,Colorado River,0.8,0.8,42854612.0
32,1993-09-01,2949.0,42453592.0,9,1993,142.46699999999998,-454.952,52939008.0,4.0,0.8019340294400681,42453592.0,30,Colorado River,0.8,0.8,42453592.0
33,1993-10-01,2953.0,42158108.0,10,1993,142.46699999999998,-454.952,52939008.0,4.0,0.7963524363735717,42158108.0,31,Colorado River,0.8,0.8,42158108.0
34,1993-11-01,2957.0,42011592.0,11,1993,142.46699999999998,-454.952,52939008.0,4.0,0.7935847985666826,42011592.0,30,Colorado River,0.8,0.8,42011592.0
35,1993-12-01,2961.0,42025808.0,12,1993,142.46699999999998,-454.952,52939008.0,4.0,0.7938533340103389,42025808.0,31,Colorado River,0.8,0.8,42025808.0
36,1994-01-01,2965.0,41889208.0,1,1994,142.46699999999998,-454.952,52939008.0,4.0,0.7912730060978853,41889208.0,31,Colorado River,0.8,0.8,41889208.0
37,1994-02-01,2969.0,41815254.0,2,1994,142.46699999999998,-454.952,52939008.0,4.0,0.7898760399892646,41815254.0,28,Colorado River,0.8,0.8,41815254.0
38,1994-03-01,2973.0,41714900.0,3,1994,142.46699999999998,-454.952,52939008.0,4.0,0.787980386787754,41714900.0,31,Colorado River,0.8,0.8,41714900.0
39,1994-04-01,2977.0,41318204.0,4,1994,142.46699999999998,-454.952,52939008.0,4.0,0.7804869331892279,41318204.0,30,Colorado River,0.8,0.8,41318204.0
40,1994-05-01,2981.0,40804412.0,5,1994,142.46699999999998,-454.952,52939008.0,4.0,0.7707815756577834,40804412.0,31,Colorado River,0.8,0.8,40804412.0
41,1994-06-01,2985.0,41042004.0,6,1994,142.46699999999998,-454.952,52939008.0,4.0,0.7752696083764924,41042004.0,30,Colorado River,0.8,0.8,41042004.0
42,1994-07-01,2989.0,40586388.0,7,1994,142.46699999999998,-454.952,52939008.0,4.0,0.7666631758570165,40586388.0,31,Colorado River,0.7333333333333334,0.7333333333333334,40586388.0
43,1994-08-01,2993.0,40882392.0,8,1994,142.46699999999998,-454.952,52939008.0,4.0,0.7722545915480699,40882392.0,31,Colorado River,0.7333333333333334,0.7333333333333334,40882392.0
44,1994-09-01,2997.0,40966738.0,9,1994,142.46699999999998,-454.952,52939008.0,4.0,0.7738478590305281,40966738.0,30,Colorado River,0.7333333333333334,0.7333333333333334,40966738.0
45,1994-10-01,3001.0,39541596.0,10,1994,142.46699999999998,-454.952,52939008.0,4.0,0.7469274074799437,39541596.0,31,Colorado River,0.7333333333333334,0.7333333333333334,39541596.0
46,1994-11-01,3005.0,39447400.0,11,1994,142.46699999999998,-454.952,52939008.0,4.0,0.7451480768207821,39447400.0,30,Colorado River,0.7333333333333334,0.7333333333333334,39447400.0
47,1994-12-01,3009.0,39175016.0,12,1994,142.46699999999998,-454.952,52939008.0,4.0,0.7400028349605644,39175016.0,31,Colorado River,0.7333333333333334,0.7333333333333334,39175016.0
48,1995-01-01,3013.0,39135884.0,1,1995,142.46699999999998,-454.952,52939008.0,4.0,0.7392636446833307,39135884.0,31,Colorado River,0.7333333333333334,0.7333333333333334,39135884.0
49,1995-02-01,3017.0,39248808.0,2,1995,142.46699999999998,-454.952,52939008.0,4.0,0.7413967409438424,39248808.0,28,Colorado River,0.7333333333333334,0.7333333333333334,39248808.0
50,1995-03-01,3021.0,39232292.0,3,1995,142.46699999999998,-454.952,52939008.0,4.0,0.7410847592761844,39232292.0,31,Colorado River,0.7666666666666667,0.7666666666666667,39232292.0
51,1995-04-01,3025.0,39316308.0,4,1995,142.46699999999998,-454.952,52939008.0,4.0,0.7426717931699816,39316308.0,30,Colorado River,0.7666666666666667,0.7666666666666667,39316308.0
52,1995-05-01,3029.0,39223612.0,5,1995,142.46699999999998,-454.952,52939008.0,4.0,0.7409207970047342,39223612.0,31,Colorado River,0.7666666666666667,0.7666666666666667,39223612.0
53,1995-06-01,3033.0,40602104.0,6,1995,142.46699999999998,-454.952,52939008.0,4.0,0.7669600457945869,40602104.0,30,Colorado River,0.7333333333333334,0.7333333333333334,40602104.0
54,1995-07-01,3037.0,43621988.0,7,1995,142.46699999999998,-454.952,52939008.0,4.0,0.8240046356743217,43621988.0,31,Colorado River,0.8333333333333335,0.8333333333333335,43621988.0
55,1995-08-01,3041.0,45756300.0,8,1995,142.46699999999998,-454.952,52939008.0,4.0,0.8643210692576635,45756300.0,31,Colorado River,0.8333333333333335,0.8333333333333335,45756300.0
56,1995-09-01,3045.0,45415288.0,9,1995,142.46699999999998,-454.952,52939008.0,4.0,0.857879467631883,45415288.0,30,Colorado River,0.8666666666666667,0.8666666666666667,45415288.0
57,1995-10-01,3049.0,45248196.0,10,1995,142.46699999999998,-454.952,52939008.0,4.0,0.8547231561271417,45248196.0,31,Colorado River,0.8666666666666667,0.8666666666666667,45248196.0
58,1995-11-01,3053.0,45056500.0,11,1995,142.46699999999998,-454.952,52939008.0,4.0,0.8511020833635567,45056500.0,30,Colorado River,0.8666666666666667,0.8666666666666667,45056500.0
59,1995-12-01,3057.0,45178696.0,12,1995,142.46699999999998,-454.952,52939008.0,4.0,0.8534103245757835,45178696.0,31,Colorado River,0.9,0.9,45178696.0
60,1996-01-01,3061.0,45165992.0,1,1996,142.46699999999998,-454.952,52939008.0,4.0,0.8531703503019928,45165992.0,31,Colorado River,0.9,0.9,45165992.0
61,1996-02-01,3065.0,44789708.0,2,1996,142.46699999999998,-454.952,52939008.0,4.0,0.8460624724966512,44789708.0,29,Colorado River,0.9,0.9,44789708.0
62,1996-03-01,3069.0,44959304.0,3,1996,142.46699999999998,-454.952,52939008.0,4.0,0.8492660837165668,44959304.0,31,Colorado River,0.9,0.9,44959304.0
63,1996-04-01,3073.0,44410812.0,4,1996,142.46699999999998,-454.952,52939008.0,4.0,0.8389052548925737,44410812.0,30,Colorado River,0.9,0.9,44410812.0
64,1996-05-01,3077.0,44356296.0,5,1996,142.46699999999998,-454.952,52939008.0,4.0,0.8378754660457559,44356296.0,31,Colorado River,0.9,0.9,44356296.0
65,1996-06-01,3081.0,45405608.0,6,1996,142.46699999999998,-454.952,52939008.0,4.0,0.8576966156978234,45405608.0,30,Colorado River,0.8666666666666667,0.8666666666666667,45405608.0
66,1996-07-01,3085.0,46246992.0,7,1996,142.46699999999998,-454.952,52939008.0,4.0,0.8735900755828292,46246992.0,31,Colorado River,0.8666666666666667,0.8666666666666667,46246992.0
67,1996-08-01,3089.0,45982896.0,8,1996,142.46699999999998,-454.952,52939008.0,4.0,0.8686013912463187,45982896.0,31,Colorado River,0.8666666666666667,0.8666666666666667,45982896.0
68,1996-09-01,3093.0,45321100.0,9,1996,142.46699999999998,-454.952,52939008.0,4.0,0.8561002880900224,45321100.0,30,Colorado River,0.8333333333333335,0.8333333333333335,45321100.0
69,1996-10-01,3097.0,44944200.0,10,1996,142.46699999999998,-454.952,52939008.0,4.0,0.8489807742525134,44944200.0,31,Colorado River,0.8333333333333335,0.8333333333333335,44944200.0
70,1996-11-01,3101.0,44759600.0,11,1996,142.46699999999998,-454.952,52939008.0,4.0,0.8454937425348054,44759600.0,30,Colorado River,0.8333333333333335,0.8333333333333335,44759600.0
71,1996-12-01,3105.0,44861600.0,12,1996,142.46699999999998,-454.952,52939008.0,4.0,0.8474204881209713,44861600.0,31,Colorado River,0.8666666666666667,0.8666666666666667,44861600.0
72,1997-01-01,3109.0,44742900.0,1,1997,142.46699999999998,-454.952,52939008.0,4.0,0.8451782851692272,44742900.0,31,Colorado River,0.8666666666666667,0.8666666666666667,44742900.0
73,1997-02-01,3113.0,44515100.0,2,1997,142.46699999999998,-454.952,52939008.0,4.0,0.84087522002679,44515100.0,28,Colorado River,0.8666666666666667,0.8666666666666667,44515100.0
74,1997-03-01,3117.0,44004800.0,3,1997,142.46699999999998,-454.952,52939008.0,4.0,0.8312358251971779,44004800.0,31,Colorado River,0.8666666666666667,0.8666666666666667,44004800.0
75,1997-04-01,3121.0,43980400.0,4,1997,142.46699999999998,-454.952,52939008.0,4.0,0.8307749174295068,43980400.0,30,Colorado River,0.8666666666666667,0.8666666666666667,43980400.0
76,1997-05-01,3125.0,44318900.0,5,1997,142.46699999999998,-454.952,52939008.0,4.0,0.8371690682228122,44318900.0,31,Colorado River,0.8666666666666667,0.8666666666666667,44318900.0
77,1997-06-01,3129.0,46421800.0,6,1997,142.46699999999998,-454.952,52939008.0,4.0,0.8768921397242653,46421800.0,30,Colorado River,0.9,0.9,46421800.0
78,1997-07-01,3133.0,48933900.0,7,1997,142.46699999999998,-454.952,52939008.0,4.0,0.9243448611655133,48933900.0,31,Colorado River,0.9333333333333335,0.9333333333333335,48933900.0
79,1997-08-01,3137.0,49000900.0,8,1997,142.46699999999998,-454.952,52939008.0,4.0,0.9256104685603478,49000900.0,31,Colorado River,0.9333333333333335,0.9333333333333335,49000900.0
80,1997-09-01,3141.0,48633100.0,9,1997,142.46699999999998,-454.952,52939008.0,4.0,0.9186628506525849,48633100.0,30,Colorado River,0.9666666666666668,0.9333333333333335,48633100.0
81,1997-10-01,3145.0,48824200.0,10,1997,142.46699999999998,-454.952,52939008.0,4.0,0.9222726651772546,48824200.0,31,Colorado River,0.9333333333333335,0.9333333333333335,48824200.0
82,1997-11-01,3149.0,48939900.0,11,1997,142.46699999999998,-454.952,52939008.0,4.0,0.9244581991411701,48939900.0,30,Colorado River,0.9333333333333335,0.9333333333333335,48939900.0
83,1997-12-01,3153.0,48981800.0,12,1997,142.46699999999998,-454.952,52939008.0,4.0,0.9252496760045069,48981800.0,31,Colorado River,0.9666666666666668,0.9666666666666668,48981800.0
84,1998-01-01,3157.0,48991413.0,1,1998,142.46699999999998,-454.952,52939008.0,4.0,0.9254312623311718,48991413.0,31,Colorado River,1.0,1.0,48991413.0
85,1998-02-01,3161.0,48400000.0,2,1998,142.46699999999998,-454.952,52939008.0,4.0,0.9142596702983177,48400000.0,28,Colorado River,0.9666666666666668,0.9666666666666668,48400000.0
86,1998-03-01,3165.0,47875300.0,3,1998,142.46699999999998,-454.952,52939008.0,4.0,0.9043482643271291,47875300.0,31,Colorado River,0.9333333333333335,0.9333333333333335,47875300.0
87,1998-04-01,3169.0,47517000.0,4,1998,142.46699999999998,-454.952,52939008.0,4.0,0.8975800982141562,47517000.0,30,Colorado River,0.9333333333333335,0.9333333333333335,47517000.0
88,1998-05-01,3173.0,47867000.0,5,1998,142.46699999999998,-454.952,52939008.0,4.0,0.9041914801274704,47867000.0,31,Colorado River,1.0,1.0,47867000.0
89,1998-06-01,3177.0,49629300.0,6,1998,142.46699999999998,-454.952,52939008.0,4.0,0.9374807325441383,49629300.0,30,Colorado River,1.0,1.0,49629300.0
90,1998-07-01,3181.0,50651200.0,7,1998,142.46699999999998,-454.952,52939008.0,4.0,0.9567840787647551,50651200.0,31,Colorado River,1.0,1.0,50651200.0
91,1998-08-01,3016.0,50014000.0,8,1998,108.15,-340.796,52291008.0,3.0,0.9564550754118184,50014000.0,31,Colorado River,1.0,1.0,50633782.88886686
92,1998-09-01,3189.0,50211000.0,9,1998,142.46699999999998,-454.952,52939008.0,4.0,0.9484688492840667,50211000.0,30,Colorado River,1.0,1.0,50211000.0
93,1998-10-01,3193.0,49824100.0,10,1998,142.46699999999998,-454.952,52939008.0,4.0,0.941160438820463,49824100.0,31,Colorado River,1.0,1.0,49824100.0
94,1998-11-01,3197.0,49661388.0,11,1998,142.46699999999998,-454.952,52939008.0,4.0,0.9380868640379509,49661388.0,30,Colorado River,1.0,1.0,49661388.0
95,1998-12-01,3201.0,49382600.0,12,1998,142.46699999999998,-454.952,52939008.0,4.0,0.9328206527783822,49382600.0,31,Colorado River,1.0,1.0,49382600.0
96,1999-01-01,3205.0,48576500.0,1,1999,142.46699999999998,-454.952,52939008.0,4.0,0.9175936957488889,48576500.0,31,Colorado River,0.9666666666666668,0.9666666666666668,48576500.0
97,1999-02-01,3209.0,48361100.0,2,1999,142.46699999999998,-454.952,52939008.0,4.0,0.9135248624228093,48361100.0,28,Colorado River,0.9333333333333335,0.9333333333333335,48361100.0
98,1999-03-01,3213.0,48185600.0,3,1999,142.46699999999998,-454.952,52939008.0,4.0,0.9102097266348474,48185600.0,31,Colorado River,1.0,1.0,48185600.0
99,1999-04-01,3217.0,47796900.0,4,1999,142.46699999999998,-454.952,52939008.0,4.0,0.9028673147785466,47796900.0,30,Colorado River,1.0,1.0,47796900.0
100,1999-05-01,3221.0,47361900.0,5,1999,142.46699999999998,-454.952,52939008.0,4.0,0.8946503115434274,47361900.0,31,Colorado River,0.9666666666666668,0.9666666666666668,47361900.0
101,1999-06-01,3225.0,47869976.0,6,1999,142.46699999999998,-454.952,52939008.0,4.0,0.9042476957633963,47869976.0,30,Colorado River,0.9666666666666668,0.9666666666666668,47869976.0
102,1999-07-01,3229.0,49467582.0,7,1999,142.46699999999998,-454.952,52939008.0,4.0,0.9344259340862602,49467582.0,31,Colorado River,0.9666666666666668,0.9666666666666668,49467582.0
103,1999-08-01,3233.0,49649100.0,8,1999,142.46699999999998,-454.952,52939008.0,4.0,0.9378547478638058,49649100.0,31,Colorado River,0.9666666666666668,0.9666666666666668,49649100.0
104,1999-09-01,2227.0,48103400.0,9,1999,107.27,-340.385,51129008.0,3.0,0.940824042586549,48103400.0,30,Colorado River,0.9333333333333335,0.9666666666666668,49806291.517081656
105,1999-10-01,3241.0,49688100.0,10,1999,142.46699999999998,-454.952,52939008.0,4.0,0.9385914447055751,49688100.0,31,Colorado River,0.9666666666666668,0.9666666666666668,49688100.0
106,1999-11-01,3245.0,49194900.0,11,1999,142.46699999999998,-454.952,52939008.0,4.0,0.9292750631065848,49194900.0,30,Colorado River,0.9666666666666668,0.9666666666666668,49194900.0
107,1999-12-01,3249.0,48776500.0,12,1999,142.46699999999998,-454.952,52939008.0,4.0,0.9213716282707829,48776500.0,31,Colorado River,0.9333333333333335,0.9333333333333335,48776500.0
108,2000-01-01,3253.0,48575300.0,1,2000,142.46699999999998,-454.952,52939008.0,4.0,0.9175710281537576,48575300.0,31,Colorado River,0.9333333333333335,0.9333333333333335,48575300.0
109,2000-02-01,3257.0,48418400.0,2,2000,142.46699999999998,-454.952,52939008.0,4.0,0.9146072400903319,48418400.0,29,Colorado River,1.0,1.0,48418400.0
110,2000-03-01,3261.0,48124100.0,3,2000,142.46699999999998,-454.952,52939008.0,4.0,0.9090480123843651,48124100.0,31,Colorado River,0.9666666666666668,0.9666666666666668,48124100.0
111,2000-04-01,3265.0,47670690.0,4,2000,142.46699999999998,-454.952,52939008.0,4.0,0.9004832504606055,47670690.0,30,Colorado River,0.9666666666666668,0.9666666666666668,47670690.0
112,2000-05-01,3269.0,47160100.0,5,2000,142.46699999999998,-454.952,52939008.0,4.0,0.8908383776288366,47160100.0,31,Colorado River,0.9333333333333335,0.9333333333333335,47160100.0
113,2000-06-01,3273.0,47431800.0,6,2000,142.46699999999998,-454.952,52939008.0,4.0,0.8959706989598294,47431800.0,30,Colorado River,0.9333333333333335,0.9333333333333335,47431800.0
114,2000-07-01,3277.0,47432000.0,7,2000,142.46699999999998,-454.952,52939008.0,4.0,0.8959744768923513,47432000.0,31,Colorado River,0.9,0.9,47432000.0
115,2000-08-01,3281.0,46727700.0,8,2000,142.46699999999998,-454.952,52939008.0,4.0,0.882670487516502,46727700.0,31,Colorado River,0.9,0.9,46727700.0
116,2000-09-01,3285.0,46046200.0,9,2000,142.46699999999998,-454.952,52939008.0,4.0,0.8697971824481486,46046200.0,30,Colorado River,0.9,0.9,46046200.0
117,2000-10-01,3289.0,45472000.0,10,2000,142.46699999999998,-454.952,52939008.0,4.0,0.8589507381777913,45472000.0,31,Colorado River,0.9,0.9,45472000.0
118,2000-11-01,3293.0,45123000.0,11,2000,142.46699999999998,-454.952,52939008.0,4.0,0.8523582459270865,45123000.0,30,Colorado River,0.9,0.9,45123000.0
119,2000-12-01,3297.0,44719400.0,12,2000,142.46699999999998,-454.952,52939008.0,4.0,0.8447343780979046,44719400.0,31,Colorado River,0.8333333333333335,0.8333333333333335,44719400.0
120,2001-01-01,3301.0,44337100.0,1,2001,142.46699999999998,-454.952,52939008.0,4.0,0.8375128600823045,44337100.0,31,Colorado River,0.8333333333333335,0.8333333333333335,44337100.0
121,2001-02-01,3305.0,44085700.0,2,2001,142.46699999999998,-454.952,52939008.0,4.0,0.8327639989022839,44085700.0,28,Colorado River,0.8333333333333335,0.8333333333333335,44085700.0
122,2001-03-01,3309.0,43703700.0,3,2001,142.46699999999998,-454.952,52939008.0,4.0,0.8255481477854666,43703700.0,31,Colorado River,0.8333333333333335,0.8333333333333335,43703700.0
123,2001-04-01,3313.0,43314200.0,4,2001,142.46699999999998,-454.952,52939008.0,4.0,0.8181906241990783,43314200.0,30,Colorado River,0.8333333333333335,0.8333333333333335,43314200.0
124,2001-05-01,3317.0,42751620.0,5,2001,142.46699999999998,-454.952,52939008.0,4.0,0.807563677808243,42751620.0,31,Colorado River,0.8333333333333335,0.8333333333333335,42751620.0
125,2001-06-01,3321.0,43176900.0,6,2001,142.46699999999998,-454.952,52939008.0,4.0,0.8155970735227982,43176900.0,30,Colorado River,0.8333333333333335,0.8333333333333335,43176900.0
126,2001-07-01,3325.0,43097500.0,7,2001,142.46699999999998,-454.952,52939008.0,4.0,0.8140972343116063,43097500.0,31,Colorado River,0.8,0.8,43097500.0
127,2001-08-01,3329.0,42241900.0,8,2001,142.46699999999998,-454.952,52939008.0,4.0,0.7979352389829443,42241900.0,31,Colorado River,0.7666666666666667,0.7666666666666667,42241900.0
128,2001-09-01,3333.0,41708100.0,9,2001,142.46699999999998,-454.952,52939008.0,4.0,0.7878519370820095,41708100.0,30,Colorado River,0.7666666666666667,0.7666666666666667,41708100.0
129,2001-10-01,3337.0,41185400.0,10,2001,142.46699999999998,-454.952,52939008.0,4.0,0.7779783104360399,41185400.0,31,Colorado River,0.7666666666666667,0.7666666666666667,41185400.0
130,2001-11-01,3341.0,40728700.0,11,2001,142.46699999999998,-454.952,52939008.0,4.0,0.7693514015222952,40728700.0,30,Colorado River,0.7666666666666667,0.7666666666666667,40728700.0
131,2001-12-01,3345.0,40369800.0,12,2001,142.46699999999998,-454.952,52939008.0,4.0,0.7625719016117567,40369800.0,31,Colorado River,0.7666666666666667,0.7666666666666667,40369800.0
132,2002-01-01,3349.0,39997400.0,1,2002,142.46699999999998,-454.952,52939008.0,4.0,0.7555373912559903,39997400.0,31,Colorado River,0.7666666666666667,0.7666666666666667,39997400.0
133,2002-02-01,3353.0,39600400.0,2,2002,142.46699999999998,-454.952,52939008.0,4.0,0.7480381952000309,39600400.0,28,Colorado River,0.7666666666666667,0.7666666666666667,39600400.0
134,2002-03-01,3357.0,39085500.0,3,2002,142.46699999999998,-454.952,52939008.0,4.0,0.7383119079224152,39085500.0,31,Colorado River,0.7333333333333334,0.7333333333333334,39085500.0
135,2002-04-01,3361.0,38344600.0,4,2002,142.46699999999998,-454.952,52939008.0,4.0,0.7243165568950594,38344600.0,30,Colorado River,0.7000000000000001,0.7000000000000001,38344600.0
136,2002-05-01,3365.0,37509800.0,5,2002,142.46699999999998,-454.952,52939008.0,4.0,0.7085474665486743,37509800.0,31,Colorado River,0.7000000000000001,0.7000000000000001,37509800.0
137,2002-06-01,3369.0,36782100.0,6,2002,142.46699999999998,-454.952,52939008.0,4.0,0.6948014590677634,36782100.0,30,Colorado River,0.6333333333333334,0.6333333333333334,36782100.0
138,2002-07-01,3373.0,36065650.0,7,2002,142.46699999999998,-454.952,52939008.0,4.0,0.6812679602912091,36065650.0,31,Colorado River,0.6333333333333334,0.6333333333333334,36065650.0
139,2002-08-01,3377.0,34932600.0,8,2002,142.46699999999998,-454.952,52939008.0,4.0,0.6598650280715498,34932600.0,31,Colorado River,0.6333333333333334,0.6333333333333334,34932600.0
140,2002-09-01,3381.0,34036000.0,9,2002,142.46699999999998,-454.952,52939008.0,4.0,0.6429285565758995,34036000.0,30,Colorado River,0.6333333333333334,0.6333333333333334,34036000.0
141,2002-10-01,3385.0,33702300.0,10,2002,142.46699999999998,-454.952,52939008.0,4.0,0.6366250761631197,33702300.0,31,Colorado River,0.6333333333333334,0.6333333333333334,33702300.0
142,2002-11-01,3389.0,33372300.0,11,2002,142.46699999999998,-454.952,52939008.0,4.0,0.6303914875019947,33372300.0,30,Colorado River,0.6333333333333334,0.6333333333333334,33372299.999999996
143,2002-12-01,3393.0,33036000.0,12,2002,142.46699999999998,-454.952,52939008.0,4.0,0.6240388939664302,33036000.0,31,Colorado River,0.6333333333333334,0.6333333333333334,33036000.0
144,2003-01-01,3397.0,32717300.0,1,2003,142.46699999999998,-454.952,52939008.0,4.0,0.6180187584927923,32717300.0,31,Colorado River,0.5666666666666668,0.5666666666666668,32717300.0
145,2003-02-01,3401.0,32365500.0,2,2003,142.46699999999998,-454.952,52939008.0,4.0,0.611373375186781,32365500.0,28,Colorado River,0.5666666666666668,0.5666666666666668,32365500.000000004
146,2003-03-01,3405.0,32112100.0,3,2003,142.46699999999998,-454.952,52939008.0,4.0,0.6065867346815415,32112100.0,31,Colorado River,0.5666666666666668,0.5666666666666668,32112100.0
147,2003-04-01,3409.0,32646700.0,4,2003,142.46699999999998,-454.952,52939008.0,4.0,0.6166851483125638,32646700.0,30,Colorado River,0.6,0.6,32646700.000000004
148,2003-05-01,3413.0,30807900.0,5,2003,142.46699999999998,-454.952,52939008.0,4.0,0.5819508367062715,30807900.0,31,Colorado River,0.5666666666666668,0.5666666666666668,30807900.0
149,2003-06-01,3417.0,30960690.0,6,2003,142.46699999999998,-454.952,52939008.0,4.0,0.5848369882563723,30960690.0,30,Colorado River,0.5666666666666668,0.5666666666666668,30960690.0
150,2003-07-01,3421.0,31384400.0,7,2003,142.46699999999998,-454.952,52939008.0,4.0,0.5928407272006306,31384400.0,31,Colorado River,0.6,0.6,31384400.000000004
151,2003-08-01,3425.0,30730500.0,8,2003,142.46699999999998,-454.952,52939008.0,4.0,0.5804887768202985,30730500.0,31,Colorado River,0.5666666666666668,0.5666666666666668,30730500.0
152,2003-09-01,3429.0,30232000.0,9,2003,142.46699999999998,-454.952,52939008.0,4.0,0.5710722800094781,30232000.0,30,Colorado River,0.5666666666666668,0.5666666666666668,30232000.0
153,2003-10-01,3433.0,29932700.0,10,2003,142.46699999999998,-454.952,52939008.0,4.0,0.5654186039904638,29932700.0,31,Colorado River,0.5666666666666668,0.5666666666666668,29932699.999999996
154,2003-11-01,3437.0,29485000.0,11,2003,142.46699999999998,-454.952,52939008.0,4.0,0.5569617020402045,29485000.0,30,Colorado River,0.5666666666666668,0.5666666666666668,29485000.0
155,2003-12-01,3441.0,29218900.0,12,2003,142.46699999999998,-454.952,52939008.0,4.0,0.5519351628198247,29218900.0,31,Colorado River,0.5666666666666668,0.5666666666666668,29218900.0
156,2004-01-01,3445.0,28893300.0,1,2004,142.46699999999998,-454.952,52939008.0,4.0,0.5457846886741814,28893300.0,31,Colorado River,0.5,0.5,28893300.0
157,2004-02-01,3449.0,28552200.0,2,2004,142.46699999999998,-454.952,52939008.0,4.0,0.5393414247580914,28552200.0,29,Colorado River,0.5,0.5,28552200.0
158,2004-03-01,3453.0,28213000.0,3,2004,142.46699999999998,-454.952,52939008.0,4.0,0.5329340512009594,28213000.0,31,Colorado River,0.5,0.5,28213000.0
159,2004-04-01,3457.0,27648000.0,4,2004,142.46699999999998,-454.952,52939008.0,4.0,0.5222613918266092,27648000.0,30,Colorado River,0.46666666666666673,0.46666666666666673,27648000.0
160,2004-05-01,3461.0,27297500.0,5,2004,142.46699999999998,-454.952,52939008.0,4.0,0.5156405650819902,27297500.0,31,Colorado River,0.43333333333333335,0.43333333333333335,27297500.0
161,2004-06-01,3465.0,27201500.0,6,2004,142.46699999999998,-454.952,52939008.0,4.0,0.5138271574714811,27201500.0,30,Colorado River,0.3,0.3,27201500.0
162,2004-07-01,3469.0,26797800.0,7,2004,142.46699999999998,-454.952,52939008.0,4.0,0.5062014006760384,26797800.0,31,Colorado River,0.26666666666666666,0.26666666666666666,26797800.0
163,2004-08-01,3473.0,26139500.0,8,2004,142.46699999999998,-454.952,52939008.0,4.0,0.49376633578022466,26139500.0,31,Colorado River,0.23333333333333336,0.23333333333333336,26139500.0
164,2004-09-01,3477.0,25574400.0,9,2004,142.46699999999998,-454.952,52939008.0,4.0,0.4830917874396135,25574400.0,30,Colorado River,0.23333333333333336,0.23333333333333336,25574400.0
165,2004-10-01,3481.0,25300800.0,10,2004,142.46699999999998,-454.952,52939008.0,4.0,0.4779235757496627,25300800.0,31,Colorado River,0.2,0.2,25300800.0
166,2004-11-01,3485.0,25362100.0,11,2004,142.46699999999998,-454.952,52939008.0,4.0,0.47908151206762317,25362100.0,30,Colorado River,0.23333333333333336,0.23333333333333336,25362100.0
167,2004-12-01,3489.0,25344033.0,12,2004,142.46699999999998,-454.952,52939008.0,4.0,0.47874023253325787,25344033.0,31,Colorado River,0.23333333333333336,0.23333333333333336,25344033.0
168,2005-01-01,3493.0,25211600.0,1,2005,142.46699999999998,-454.952,52939008.0,4.0,0.476238617844898,25211600.0,31,Colorado River,0.2,0.2,25211600.0
169,2005-02-01,3497.0,25817600.0,2,2005,142.46699999999998,-454.952,52939008.0,4.0,0.4876857533862365,25817600.0,28,Colorado River,0.23333333333333336,0.23333333333333336,25817600.0
170,2005-03-01,3501.0,26340000.0,3,2005,142.46699999999998,-454.952,52939008.0,4.0,0.4975537131334233,26340000.0,31,Colorado River,0.26666666666666666,0.26666666666666666,26340000.0
171,2005-04-01,3505.0,26475100.0,4,2005,142.46699999999998,-454.952,52939008.0,4.0,0.5001057065519626,26475100.0,30,Colorado River,0.33333333333333337,0.33333333333333337,26475100.0
172,2005-05-01,3509.0,26701900.0,5,2005,142.46699999999998,-454.952,52939008.0,4.0,0.5043898820317902,26701900.0,31,Colorado River,0.3666666666666667,0.3666666666666667,26701900.0
173,2005-06-01,3513.0,28410600.0,6,2005,142.46699999999998,-454.952,52939008.0,4.0,0.5366666485325906,28410600.0,30,Colorado River,0.5,0.5,28410600.000000004
174,2005-07-01,3517.0,30064100.0,7,2005,142.46699999999998,-454.952,52939008.0,4.0,0.5679007056573482,30064100.0,31,Colorado River,0.5,0.5,30064100.0
175,2005-08-01,3521.0,29954100.0,8,2005,142.46699999999998,-454.952,52939008.0,4.0,0.5658228427703066,29954100.0,31,Colorado River,0.5,0.5,29954100.000000004
176,2005-09-01,3525.0,29672200.0,9,2005,142.46699999999998,-454.952,52939008.0,4.0,0.5604978468806971,29672200.0,30,Colorado River,0.5,0.5,29672200.0
177,2005-10-01,3529.0,29285000.0,10,2005,142.46699999999998,-454.952,52939008.0,4.0,0.5531837695183106,29285000.0,31,Colorado River,0.5333333333333333,0.5333333333333333,29285000.0
178,2005-11-01,3533.0,29191300.0,11,2005,142.46699999999998,-454.952,52939008.0,4.0,0.5514138081318033,29191300.0,30,Colorado River,0.5333333333333333,0.5333333333333333,29191300.0
179,2005-12-01,3537.0,28993400.0,12,2005,142.46699999999998,-454.952,52939008.0,4.0,0.5476755439013893,28993400.0,31,Colorado River,0.5333333333333333,0.5333333333333333,28993400.0
180,2006-01-01,3541.0,28920900.0,1,2006,142.46699999999998,-454.952,52939008.0,4.0,0.5463060433622028,28920900.0,31,Colorado River,0.5333333333333333,0.5333333333333333,28920900.0
181,2006-02-01,3545.0,28734300.0,2,2006,142.46699999999998,-454.952,52939008.0,4.0,0.5427812323192758,28734300.0,28,Colorado River,0.5333333333333333,0.5333333333333333,28734300.0
182,2006-03-01,3549.0,28486200.0,3,2006,142.46699999999998,-454.952,52939008.0,4.0,0.5380947070258665,28486200.0,31,Colorado River,0.5333333333333333,0.5333333333333333,28486200.0
183,2006-04-01,3553.0,28269700.0,4,2006,142.46699999999998,-454.952,52939008.0,4.0,0.5340050950709163,28269700.0,30,Colorado River,0.5333333333333333,0.5333333333333333,28269700.0
184,2006-05-01,3557.0,28282900.0,5,2006,142.46699999999998,-454.952,52939008.0,4.0,0.5342544386173613,28282900.0,31,Colorado River,0.5333333333333333,0.5333333333333333,28282900.0
185,2006-06-01,3561.0,28980500.0,6,2006,142.46699999999998,-454.952,52939008.0,4.0,0.5474318672537272,28980500.0,30,Colorado River,0.5333333333333333,0.5333333333333333,28980500.0
186,2006-07-01,3565.0,29189500.0,7,2006,142.46699999999998,-454.952,52939008.0,4.0,0.5513798067391062,29189500.0,31,Colorado River,0.4,0.4,29189500.0
187,2006-08-01,3569.0,28387800.0,8,2006,142.46699999999998,-454.952,52939008.0,4.0,0.5362359642250947,28387800.0,31,Colorado River,0.4,0.4,28387800.0
188,2006-09-01,3573.0,28307700.0,9,2006,142.46699999999998,-454.952,52939008.0,4.0,0.5347229022500761,28307700.0,30,Colorado River,0.4,0.4,28307699.999999996
189,2006-10-01,3577.0,27943200.0,10,2006,142.46699999999998,-454.952,52939008.0,4.0,0.5278376202289246,27943200.0,31,Colorado River,0.4,0.4,27943200.0
190,2006-11-01,3581.0,28534800.0,11,2006,142.46699999999998,-454.952,52939008.0,4.0,0.5390127446286866,28534800.0,30,Colorado River,0.46666666666666673,0.46666666666666673,28534800.0
191,2006-12-01,3585.0,28503300.0,12,2006,142.46699999999998,-454.952,52939008.0,4.0,0.5384177202564884,28503300.0,31,Colorado River,0.46666666666666673,0.46666666666666673,28503300.0
192,2007-01-01,3589.0,28404100.0,1,2007,142.46699999999998,-454.952,52939008.0,4.0,0.5365438657256291,28404100.0,31,Colorado River,0.43333333333333335,0.43333333333333335,28404100.000000004
193,2007-02-01,3593.0,28242900.0,2,2007,142.46699999999998,-454.952,52939008.0,4.0,0.5334988521129825,28242900.0,28,Colorado River,0.46666666666666673,0.46666666666666673,28242900.0
194,2007-03-01,3597.0,28019700.0,3,2007,142.46699999999998,-454.952,52939008.0,4.0,0.529282679418549,28019700.0,31,Colorado River,0.46666666666666673,0.46666666666666673,28019700.0
195,2007-04-01,3601.0,27813900.0,4,2007,142.46699999999998,-454.952,52939008.0,4.0,0.5253951868535202,27813900.0,30,Colorado River,0.5,0.5,27813900.0
196,2007-05-01,3605.0,27522900.0,5,2007,142.46699999999998,-454.952,52939008.0,4.0,0.5198982950341646,27522900.0,31,Colorado River,0.5,0.5,27522900.0
197,2007-06-01,3609.0,27979200.0,6,2007,142.46699999999998,-454.952,52939008.0,4.0,0.5285176480828655,27979200.0,30,Colorado River,0.43333333333333335,0.43333333333333335,27979200.0
198,2007-07-01,3613.0,27895700.0,7,2007,142.46699999999998,-454.952,52939008.0,4.0,0.5269403612549748,27895700.0,31,Colorado River,0.33333333333333337,0.33333333333333337,27895700.0
199,2007-08-01,3617.0,27301917.0,8,2007,142.46699999999998,-454.952,52939008.0,4.0,0.5157240007217362,27301917.0,31,Colorado River,0.3,0.3,27301916.999999996
200,2007-09-01,3621.0,26942000.0,9,2007,142.46699999999998,-454.952,52939008.0,4.0,0.5089252900243239,26942000.0,30,Colorado River,0.3,0.3,26942000.0
201,2007-10-01,3625.0,26554800.0,10,2007,142.46699999999998,-454.952,52939008.0,4.0,0.5016112126619373,26554800.0,31,Colorado River,0.3,0.3,26554800.0
202,2007-11-01,3629.0,26335100.0,11,2007,142.46699999999998,-454.952,52939008.0,4.0,0.49746115378663686,26335100.0,30,Colorado River,0.3,0.3,26335100.0
203,2007-12-01,3633.0,26222000.0,12,2007,142.46699999999998,-454.952,52939008.0,4.0,0.4953247329455059,26222000.0,31,Colorado River,0.3,0.3,26222000.0
204,2008-01-01,3637.0,26227700.0,1,2008,142.46699999999998,-454.952,52939008.0,4.0,0.49543240402237987,26227700.0,31,Colorado River,0.26666666666666666,0.26666666666666666,26227700.0
205,2008-02-01,3641.0,26114800.0,2,2008,142.46699999999998,-454.952,52939008.0,4.0,0.4932997611137708,26114800.0,29,Colorado River,0.26666666666666666,0.26666666666666666,26114800.0
206,2008-03-01,3645.0,26086351.0,3,2008,142.46699999999998,-454.952,52939008.0,4.0,0.492762369102194,26086351.0,31,Colorado River,0.23333333333333336,0.23333333333333336,26086351.0
207,2008-04-01,3649.0,25909100.0,4,2008,142.46699999999998,-454.952,52939008.0,4.0,0.48941415751500295,25909100.0,30,Colorado River,0.23333333333333336,0.23333333333333336,25909100.0
208,2008-05-01,3653.0,25873433.0,5,2008,142.46699999999998,-454.952,52939008.0,4.0,0.488740419918711,25873433.0,31,Colorado River,0.26666666666666666,0.26666666666666666,25873433.0
209,2008-06-01,3657.0,27265112.0,6,2008,142.46699999999998,-454.952,52939008.0,4.0,0.5150287666893947,27265112.0,30,Colorado River,0.33333333333333337,0.33333333333333337,27265112.0
210,2008-07-01,3661.0,29212400.0,7,2008,142.46699999999998,-454.952,52939008.0,4.0,0.5518123800128631,29212400.0,31,Colorado River,0.43333333333333335,0.43333333333333335,29212400.000000004
211,2008-08-01,3665.0,29324600.0,8,2008,142.46699999999998,-454.952,52939008.0,4.0,0.5539318001576455,29324600.0,31,Colorado River,0.43333333333333335,0.43333333333333335,29324600.0
212,2008-09-01,3669.0,28994000.0,9,2008,142.46699999999998,-454.952,52939008.0,4.0,0.547686877698955,28994000.0,30,Colorado River,0.46666666666666673,0.46666666666666673,28994000.0
213,2008-10-01,3673.0,28690777.0,10,2008,142.46699999999998,-454.952,52939008.0,4.0,0.5419590975335239,28690777.0,31,Colorado River,0.46666666666666673,0.46666666666666673,28690777.0
214,2008-11-01,3677.0,28381700.0,11,2008,142.46699999999998,-454.952,52939008.0,4.0,0.5361207372831769,28381700.0,30,Colorado River,0.43333333333333335,0.43333333333333335,28381700.0
215,2008-12-01,3681.0,28188200.0,12,2008,142.46699999999998,-454.952,52939008.0,4.0,0.5324655875682446,28188200.0,31,Colorado River,0.43333333333333335,0.43333333333333335,28188200.0
216,2009-01-01,3685.0,28179200.0,1,2009,142.46699999999998,-454.952,52939008.0,4.0,0.5322955806047593,28179200.0,31,Colorado River,0.4,0.4,28179200.0
217,2009-02-01,3689.0,27928200.0,2,2009,142.46699999999998,-454.952,52939008.0,4.0,0.5275542752897825,27928200.0,28,Colorado River,0.4,0.4,27928199.999999996
218,2009-03-01,3693.0,27700256.0,3,2009,142.46699999999998,-454.952,52939008.0,4.0,0.5232484900359297,27700256.0,31,Colorado River,0.3666666666666667,0.3666666666666667,27700256.0
219,2009-04-01,3697.0,27148800.0,4,2009,142.46699999999998,-454.952,52939008.0,4.0,0.5128316722519621,27148800.0,30,Colorado River,0.3666666666666667,0.3666666666666667,27148800.0
220,2009-05-01,3701.0,26757747.0,5,2009,142.46699999999998,-454.952,52939008.0,4.0,0.5054448130195413,26757747.0,31,Colorado River,0.4,0.4,26757747.0
221,2009-06-01,3705.0,28298200.0,6,2009,142.46699999999998,-454.952,52939008.0,4.0,0.5345434504552862,28298200.0,30,Colorado River,0.46666666666666673,0.46666666666666673,28298200.0
222,2009-07-01,3709.0,29390700.0,7,2009,142.46699999999998,-454.952,52939008.0,4.0,0.5551804068561315,29390700.0,31,Colorado River,0.46666666666666673,0.46666666666666673,29390700.0
223,2009-08-01,3713.0,29352500.0,8,2009,142.46699999999998,-454.952,52939008.0,4.0,0.5544588217444497,29352500.0,31,Colorado River,0.46666666666666673,0.46666666666666673,29352499.999999996
224,2009-09-01,3717.0,28900200.0,9,2009,142.46699999999998,-454.952,52939008.0,4.0,0.5459150273461868,28900200.0,30,Colorado River,0.43333333333333335,0.43333333333333335,28900200.0
225,2009-10-01,3721.0,28461400.0,10,2009,142.46699999999998,-454.952,52939008.0,4.0,0.5376262433931516,28461400.0,31,Colorado River,0.43333333333333335,0.43333333333333335,28461399.999999996
226,2009-11-01,3725.0,28197103.0,11,2009,142.46699999999998,-454.952,52939008.0,4.0,0.5326337622344567,28197103.0,30,Colorado River,0.4,0.4,28197103.0
227,2009-12-01,3729.0,27969600.0,12,2009,142.46699999999998,-454.952,52939008.0,4.0,0.5283363073218146,27969600.0,31,Colorado River,0.4,0.4,27969600.0
228,2010-01-01,3733.0,27745600.0,1,2010,142.46699999999998,-454.952,52939008.0,4.0,0.5241050228972934,27745600.0,31,Colorado River,0.3666666666666667,0.3666666666666667,27745600.0
229,2010-02-01,3737.0,27816900.0,2,2010,142.46699999999998,-454.952,52939008.0,4.0,0.5254518558413486,27816900.0,28,Colorado River,0.3666666666666667,0.3666666666666667,27816900.0
230,2010-03-01,3741.0,27788091.0,3,2010,142.46699999999998,-454.952,52939008.0,4.0,0.5249076635512324,27788091.0,31,Colorado River,0.4,0.4,27788091.0
231,2010-04-01,3745.0,27485900.0,4,2010,142.46699999999998,-454.952,52939008.0,4.0,0.5191993775176142,27485900.0,30,Colorado River,0.43333333333333335,0.43333333333333335,27485900.0
232,2010-05-01,3749.0,27417900.0,5,2010,142.46699999999998,-454.952,52939008.0,4.0,0.5179148804601703,27417900.0,31,Colorado River,0.46666666666666673,0.46666666666666673,27417900.0
233,2010-06-01,3753.0,27664700.0,6,2010,142.46699999999998,-454.952,52939008.0,4.0,0.5225768491921874,27664700.0,30,Colorado River,0.3666666666666667,0.3666666666666667,27664700.0
234,2010-07-01,3757.0,28738283.0,7,2010,142.46699999999998,-454.952,52939008.0,4.0,0.5428564698454493,28738283.0,31,Colorado River,0.3666666666666667,0.3666666666666667,28738283.0
235,2010-08-01,3761.0,28259200.0,8,2010,142.46699999999998,-454.952,52939008.0,4.0,0.5338067536135169,28259200.0,31,Colorado River,0.3666666666666667,0.3666666666666667,28259200.0
236,2010-09-01,3765.0,27977000.0,9,2010,142.46699999999998,-454.952,52939008.0,4.0,0.5284760908251246,27977000.0,30,Colorado River,0.3666666666666667,0.3666666666666667,27976999.999999996
237,2010-10-01,3769.0,27493800.0,10,2010,142.46699999999998,-454.952,52939008.0,4.0,0.5193486058522291,27493800.0,31,Colorado River,0.3666666666666667,0.3666666666666667,27493800.000000004
238,2010-11-01,3773.0,27325000.0,11,2010,142.46699999999998,-454.952,52939008.0,4.0,0.5161600308037506,27325000.0,30,Colorado River,0.3666666666666667,0.3666666666666667,27325000.0
239,2010-12-01,3777.0,26962500.0,12,2010,142.46699999999998,-454.952,52939008.0,4.0,0.5093125281078179,26962500.0,31,Colorado River,0.3666666666666667,0.3666666666666667,26962499.999999996
240,2011-01-01,3781.0,27002000.0,1,2011,142.46699999999998,-454.952,52939008.0,4.0,0.510058669780892,27002000.0,31,Colorado River,0.33333333333333337,0.33333333333333337,27002000.0
241,2011-02-01,3785.0,26806788.0,2,2011,142.46699999999998,-454.952,52939008.0,4.0,0.5063711809635723,26806788.0,28,Colorado River,0.33333333333333337,0.33333333333333337,26806788.0
242,2011-03-01,3789.0,26617615.0,3,2011,142.46699999999998,-454.952,52939008.0,4.0,0.5027977668187511,26617615.0,31,Colorado River,0.33333333333333337,0.33333333333333337,26617615.0
243,2011-04-01,3793.0,26260100.0,4,2011,142.46699999999998,-454.952,52939008.0,4.0,0.49604442909092666,26260100.0,30,Colorado River,0.3,0.3,26260100.0
244,2011-05-01,3797.0,26338000.0,5,2011,142.46699999999998,-454.952,52939008.0,4.0,0.49751593380820436,26338000.0,31,Colorado River,0.3,0.3,26338000.0
245,2011-06-01,3801.0,27720100.0,6,2011,142.46699999999998,-454.952,52939008.0,4.0,0.523623336500752,27720100.0,30,Colorado River,0.4,0.4,27720100.0
246,2011-07-01,3805.0,31047800.0,7,2011,142.46699999999998,-454.952,52939008.0,4.0,0.5864824667662832,31047800.0,31,Colorado River,0.5666666666666668,0.5666666666666668,31047800.000000004
247,2011-08-01,3809.0,33024400.0,8,2011,142.46699999999998,-454.952,52939008.0,4.0,0.6238197738801603,33024400.0,31,Colorado River,0.6,0.6,33024399.999999996
248,2011-09-01,3813.0,32883900.0,9,2011,142.46699999999998,-454.952,52939008.0,4.0,0.6211657762835299,32883900.0,30,Colorado River,0.6,0.6,32883899.999999996
249,2011-10-01,3817.0,32766000.0,10,2011,142.46699999999998,-454.952,52939008.0,4.0,0.6189386850618734,32766000.0,31,Colorado River,0.6,0.6,32766000.0
250,2011-11-01,3821.0,32720000.0,11,2011,142.46699999999998,-454.952,52939008.0,4.0,0.6180697605818378,32720000.0,30,Colorado River,0.6,0.6,32719999.999999996
251,2011-12-01,3825.0,32696700.0,12,2011,142.46699999999998,-454.952,52939008.0,4.0,0.6176296314430373,32696700.0,31,Colorado River,0.6,0.6,32696700.000000004
252,2012-01-01,3829.0,32739500.0,1,2012,142.46699999999998,-454.952,52939008.0,4.0,0.6184381090027226,32739500.0,31,Colorado River,0.6,0.6,32739500.0
253,2012-02-01,3833.0,32844600.0,2,2012,142.46699999999998,-454.952,52939008.0,4.0,0.6204234125429777,32844600.0,29,Colorado River,0.6,0.6,32844600.0
254,2012-03-01,3837.0,32572800.0,3,2012,142.46699999999998,-454.952,52939008.0,4.0,0.615289202245724,32572800.0,31,Colorado River,0.6,0.6,32572800.000000004
255,2012-04-01,3841.0,32227900.0,4,2012,142.46699999999998,-454.952,52939008.0,4.0,0.608774157611718,32227900.0,30,Colorado River,0.5666666666666668,0.5666666666666668,32227900.000000004
256,2012-05-01,3845.0,31804300.0,5,2012,142.46699999999998,-454.952,52939008.0,4.0,0.6007724965303468,31804300.0,31,Colorado River,0.6,0.6,31804300.000000004
257,2012-06-01,3849.0,31469000.0,6,2012,142.46699999999998,-454.952,52939008.0,4.0,0.5944387926573917,31469000.0,30,Colorado River,0.6,0.6,31469000.000000004
258,2012-07-01,3853.0,30771900.0,7,2012,142.46699999999998,-454.952,52939008.0,4.0,0.5812708088523306,30771900.0,31,Colorado River,0.5333333333333333,0.5333333333333333,30771900.0
259,2012-08-01,3857.0,30180400.0,8,2012,142.46699999999998,-454.952,52939008.0,4.0,0.5700975734188295,30180400.0,31,Colorado River,0.5333333333333333,0.5333333333333333,30180400.000000004
260,2012-09-01,3861.0,29723400.0,9,2012,142.46699999999998,-454.952,52939008.0,4.0,0.561464997606302,29723400.0,30,Colorado River,0.5333333333333333,0.5333333333333333,29723400.0
261,2012-10-01,3865.0,29230422.0,10,2012,142.46699999999998,-454.952,52939008.0,4.0,0.552152809512411,29230422.0,31,Colorado River,0.5,0.5,29230422.0
262,2012-11-01,3869.0,28952100.0,11,2012,142.46699999999998,-454.952,52939008.0,4.0,0.5468954008356183,28952100.0,30,Colorado River,0.5,0.5,28952100.000000004
263,2012-12-01,3873.0,28672700.0,12,2012,142.46699999999998,-454.952,52939008.0,4.0,0.5416176291025325,28672700.0,31,Colorado River,0.5,0.5,28672700.000000004
264,2013-01-01,3877.0,28465563.0,1,2013,142.46699999999998,-454.952,52939008.0,4.0,0.5377048810585948,28465563.0,31,Colorado River,0.46666666666666673,0.46666666666666673,28465563.0
265,2013-02-01,3881.0,28235000.0,2,2013,142.46699999999998,-454.952,52939008.0,4.0,0.5333496237783677,28235000.0,28,Colorado River,0.43333333333333335,0.43333333333333335,28234999.999999996
266,2013-03-01,3885.0,27948974.0,3,2013,142.46699999999998,-454.952,52939008.0,4.0,0.5279466891408316,27948974.0,31,Colorado River,0.43333333333333335,0.43333333333333335,27948974.0
267,2013-04-01,3889.0,27361200.0,4,2013,142.46699999999998,-454.952,52939008.0,4.0,0.5168438365902134,27361200.0,30,Colorado River,0.4,0.4,27361200.0
268,2013-05-01,3893.0,26652400.0,5,2013,142.46699999999998,-454.952,52939008.0,4.0,0.5034548437326215,26652400.0,31,Colorado River,0.33333333333333337,0.33333333333333337,26652400.0
269,2013-06-01,3897.0,26519200.0,6,2013,142.46699999999998,-454.952,52939008.0,4.0,0.5009387406730402,26519200.0,30,Colorado River,0.26666666666666666,0.26666666666666666,26519200.000000004
270,2013-07-01,3901.0,26332600.0,7,2013,142.46699999999998,-454.952,52939008.0,4.0,0.4974139296301132,26332600.0,31,Colorado River,0.23333333333333336,0.23333333333333336,26332600.0
271,2013-08-01,3905.0,25778900.0,8,2013,142.46699999999998,-454.952,52939008.0,4.0,0.48695472344325,25778900.0,31,Colorado River,0.2,0.2,25778900.0
272,2013-09-01,3909.0,25416600.0,9,2013,142.46699999999998,-454.952,52939008.0,4.0,0.48011099867983925,25416600.0,30,Colorado River,0.2,0.2,25416600.0
273,2013-10-01,3913.0,25480000.0,10,2013,142.46699999999998,-454.952,52939008.0,4.0,0.4813086032892796,25480000.0,31,Colorado River,0.23333333333333336,0.23333333333333336,25480000.0
274,2013-11-01,3917.0,25138200.0,11,2013,142.46699999999998,-454.952,52939008.0,4.0,0.474852116609363,25138200.0,30,Colorado River,0.2,0.2,25138200.0
275,2013-12-01,3921.0,25065370.0,12,2013,142.46699999999998,-454.952,52939008.0,4.0,0.47347638248151536,25065370.0,31,Colorado River,0.2,0.2,25065370.0
276,2014-01-01,3925.0,24805009.0,1,2014,142.46699999999998,-454.952,52939008.0,4.0,0.46855825103485127,24805009.0,31,Colorado River,0.16666666666666669,0.16666666666666669,24805009.0
277,2014-02-01,3929.0,24548427.0,2,2014,142.46699999999998,-454.952,52939008.0,4.0,0.4637115036231884,24548427.0,28,Colorado River,0.16666666666666669,0.16666666666666669,24548427.0
278,2014-03-01,3933.0,24271900.0,3,2014,142.46699999999998,-454.952,52939008.0,4.0,0.45848800189077965,24271900.0,31,Colorado River,0.13333333333333333,0.13333333333333333,24271900.0
279,2014-04-01,3937.0,23608189.0,4,2014,142.46699999999998,-454.952,52939008.0,4.0,0.44595072503058614,23608189.0,30,Colorado River,0.13333333333333333,0.13333333333333333,23608189.0
280,2014-05-01,3941.0,23270500.0,5,2014,142.46699999999998,-454.952,52939008.0,4.0,0.439571893753657,23270500.0,31,Colorado River,0.13333333333333333,0.13333333333333333,23270500.0
281,2014-06-01,3945.0,23719172.0,6,2014,142.46699999999998,-454.952,52939008.0,4.0,0.4480471564559729,23719172.0,30,Colorado River,0.1,0.1,23719172.0
282,2014-07-01,3949.0,25154200.0,7,2014,142.46699999999998,-454.952,52939008.0,4.0,0.4751543512111145,25154200.0,31,Colorado River,0.1,0.1,25154200.0
283,2014-08-01,3953.0,24882500.0,8,2014,142.46699999999998,-454.952,52939008.0,4.0,0.47002202988012165,24882500.0,31,Colorado River,0.06666666666666667,0.06666666666666667,24882500.0
284,2014-09-01,3957.0,24746554.0,9,2014,142.46699999999998,-454.952,52939008.0,4.0,0.46745405580701477,24746554.0,30,Colorado River,0.06666666666666667,0.06666666666666667,24746554.0
285,2014-10-01,3961.0,24635000.0,10,2014,142.46699999999998,-454.952,52939008.0,4.0,0.465346838384278,24635000.0,31,Colorado River,0.13333333333333333,0.13333333333333333,24635000.0
286,2014-11-01,3965.0,24553100.0,11,2014,142.46699999999998,-454.952,52939008.0,4.0,0.46379977501656244,24553100.0,30,Colorado River,0.16666666666666669,0.16666666666666669,24553100.0
287,2014-12-01,3969.0,24334200.0,12,2014,142.46699999999998,-454.952,52939008.0,4.0,0.4596648278713496,24334200.0,31,Colorado River,0.16666666666666669,0.16666666666666669,24334200.0
288,2015-01-01,3973.0,24310400.0,1,2015,142.46699999999998,-454.952,52939008.0,4.0,0.45921525390124424,24310400.0,31,Colorado River,0.13333333333333333,0.13333333333333333,24310400.0
289,2015-02-01,3977.0,24158200.0,2,2015,142.46699999999998,-454.952,52939008.0,4.0,0.456340247252083,24158200.0,28,Colorado River,0.13333333333333333,0.13333333333333333,24158200.0
290,2015-03-01,3981.0,24016700.0,3,2015,142.46699999999998,-454.952,52939008.0,4.0,0.4536673599928431,24016700.0,31,Colorado River,0.1,0.1,24016700.0
291,2015-04-01,3985.0,23602700.0,4,2015,142.46699999999998,-454.952,52939008.0,4.0,0.44584703967252276,23602700.0,30,Colorado River,0.1,0.1,23602700.0
292,2015-05-01,3989.0,23072408.0,5,2015,142.46699999999998,-454.952,52939008.0,4.0,0.435830002708022,23072408.0,31,Colorado River,0.1,0.1,23072408.0
293,2015-06-01,3993.0,23517300.0,6,2015,142.46699999999998,-454.952,52939008.0,4.0,0.4442338624856741,23517300.0,30,Colorado River,0.06666666666666667,0.06666666666666667,23517300.0
294,2015-07-01,3997.0,25015032.0,7,2015,142.46699999999998,-454.952,52939008.0,4.0,0.47252551464507986,25015032.0,31,Colorado River,0.06666666666666667,0.06666666666666667,25015032.0
295,2015-08-01,4001.0,25120700.0,8,2015,142.46699999999998,-454.952,52939008.0,4.0,0.4745215475136973,25120700.0,31,Colorado River,0.13333333333333333,0.13333333333333333,25120700.0
296,2015-09-01,4005.0,24768500.0,9,2015,142.46699999999998,-454.952,52939008.0,4.0,0.46786860834264216,24768500.0,30,Colorado River,0.1,0.1,24768500.0
297,2015-10-01,4009.0,24373400.0,10,2015,142.46699999999998,-454.952,52939008.0,4.0,0.46040530264564083,24373400.0,31,Colorado River,0.1,0.1,24373400.0
298,2015-11-01,4013.0,24386500.0,11,2015,142.46699999999998,-454.952,52939008.0,4.0,0.4606527572258249,24386500.0,30,Colorado River,0.1,0.1,24386500.0
299,2015-12-01,4017.0,24231000.0,12,2015,142.46699999999998,-454.952,52939008.0,4.0,0.4577154146900524,24231000.0,31,Colorado River,0.13333333333333333,0.13333333333333333,24231000.0
300,2016-01-01,4021.0,24047900.0,1,2016,142.46699999999998,-454.952,52939008.0,4.0,0.4542567174662585,24047900.0,31,Colorado River,0.06666666666666667,0.06666666666666667,24047900.0
301,2016-02-01,4025.0,23949900.0,2,2016,142.46699999999998,-454.952,52939008.0,4.0,0.4524055305305305,23949900.0,29,Colorado River,0.06666666666666667,0.06666666666666667,23949900.0
302,2016-03-01,4029.0,23791500.0,3,2016,142.46699999999998,-454.952,52939008.0,4.0,0.44941340797319057,23791500.0,31,Colorado River,0.06666666666666667,0.06666666666666667,23791500.0
303,2016-04-01,4033.0,23338900.0,4,2016,142.46699999999998,-454.952,52939008.0,4.0,0.44086394667614476,23338900.0,30,Colorado River,0.06666666666666667,0.06666666666666667,23338900.0
304,2016-05-01,4037.0,23049900.0,5,2016,142.46699999999998,-454.952,52939008.0,4.0,0.4354048341820081,23049900.0,31,Colorado River,0.06666666666666667,0.06666666666666667,23049900.0
305,2016-06-01,4041.0,23909000.0,6,2016,142.46699999999998,-454.952,52939008.0,4.0,0.45163294332980325,23909000.0,30,Colorado River,0.13333333333333333,0.13333333333333333,23909000.0
306,2016-07-01,4045.0,25430700.0,7,2016,142.46699999999998,-454.952,52939008.0,4.0,0.4803773429226328,25430700.0,31,Colorado River,0.13333333333333333,0.13333333333333333,25430700.0
307,2016-08-01,4049.0,25314300.0,8,2016,142.46699999999998,-454.952,52939008.0,4.0,0.47817858619489056,25314300.0,31,Colorado River,0.16666666666666669,0.16666666666666669,25314300.0
308,2016-09-01,4053.0,24967300.0,9,2016,142.46699999999998,-454.952,52939008.0,4.0,0.4716238732694047,24967300.0,30,Colorado River,0.13333333333333333,0.13333333333333333,24967300.0
309,2016-10-01,4057.0,24649900.0,10,2016,142.46699999999998,-454.952,52939008.0,4.0,0.4656282943571591,24649900.0,31,Colorado River,0.16666666666666669,0.16666666666666669,24649900.0
310,2016-11-01,4061.0,24429400.0,11,2016,142.46699999999998,-454.952,52939008.0,4.0,0.4614631237517711,24429400.0,30,Colorado River,0.13333333333333333,0.13333333333333333,24429400.0
311,2016-12-01,4065.0,24208700.0,12,2016,142.46699999999998,-454.952,52939008.0,4.0,0.45729417521386123,24208700.0,31,Colorado River,0.1,0.1,24208700.0
312,2017-01-01,4069.0,24102100.0,1,2017,142.46699999999998,-454.952,52939008.0,4.0,0.45528053717969175,24102100.0,31,Colorado River,0.1,0.1,24102100.0
313,2017-02-01,4073.0,24158100.0,2,2017,142.46699999999998,-454.952,52939008.0,4.0,0.45633835828582203,24158100.0,28,Colorado River,0.1,0.1,24158100.0
314,2017-03-01,4077.0,24331200.0,3,2017,142.46699999999998,-454.952,52939008.0,4.0,0.4596081588835212,24331200.0,31,Colorado River,0.16666666666666669,0.16666666666666669,24331200.0
315,2017-04-01,4081.0,24365800.0,4,2017,142.46699999999998,-454.952,52939008.0,4.0,0.46026174120980884,24365800.0,30,Colorado River,0.16666666666666669,0.16666666666666669,24365800.0
316,2017-05-01,4085.0,24846700.0,5,2017,142.46699999999998,-454.952,52939008.0,4.0,0.4693457799587027,24846700.0,31,Colorado River,0.16666666666666669,0.16666666666666669,24846700.0
317,2017-06-01,4089.0,26113100.0,6,2017,142.46699999999998,-454.952,52939008.0,4.0,0.4932676486873347,26113100.0,30,Colorado River,0.23333333333333336,0.23333333333333336,26113100.0
318,2017-07-01,4093.0,27665600.0,7,2017,142.46699999999998,-454.952,52939008.0,4.0,0.5225938498885359,27665600.0,31,Colorado River,0.3,0.3,27665600.0
319,2017-08-01,4097.0,27652200.0,8,2017,142.46699999999998,-454.952,52939008.0,4.0,0.522340728409569,27652200.0,31,Colorado River,0.33333333333333337,0.33333333333333337,27652200.0
320,2017-09-01,4101.0,27357200.0,9,2017,142.46699999999998,-454.952,52939008.0,4.0,0.5167682779397755,27357200.0,30,Colorado River,0.33333333333333337,0.33333333333333337,27357200.0
321,2017-10-01,4105.0,27013500.0,10,2017,142.46699999999998,-454.952,52939008.0,4.0,0.5102759009009009,27013500.0,31,Colorado River,0.33333333333333337,0.33333333333333337,27013500.0
322,2017-11-01,4109.0,26791200.0,11,2017,142.46699999999998,-454.952,52939008.0,4.0,0.5060767289028159,26791200.0,30,Colorado River,0.33333333333333337,0.33333333333333337,26791200.0
323,2017-12-01,4113.0,26618700.0,12,2017,142.46699999999998,-454.952,52939008.0,4.0,0.5028182621026824,26618700.0,31,Colorado River,0.33333333333333337,0.33333333333333337,26618700.000000004
324,2018-01-01,4117.0,26483100.0,1,2018,142.46699999999998,-454.952,52939008.0,4.0,0.5002568238528383,26483100.0,31,Colorado River,0.3,0.3,26483100.0
325,2018-02-01,4121.0,26494000.0,2,2018,142.46699999999998,-454.952,52939008.0,4.0,0.5004627211752816,26494000.0,28,Colorado River,0.3,0.3,26494000.0
326,2018-03-01,4125.0,26342600.0,3,2018,142.46699999999998,-454.952,52939008.0,4.0,0.4976028262562079,26342600.0,31,Colorado River,0.3,0.3,26342600.0
327,2018-04-01,4129.0,26176900.0,4,2018,142.46699999999998,-454.952,52939008.0,4.0,0.49447280916181885,26176900.0,30,Colorado River,0.26666666666666666,0.26666666666666666,26176900.0
328,2018-05-01,4133.0,25301800.0,5,2018,142.46699999999998,-454.952,52939008.0,4.0,0.4779424654122722,25301800.0,31,Colorado River,0.2,0.2,25301800.0
329,2018-06-01,4137.0,25190400.0,6,2018,142.46699999999998,-454.952,52939008.0,4.0,0.4758381569975773,25190400.0,30,Colorado River,0.16666666666666669,0.16666666666666669,25190400.0
330,2018-07-01,4141.0,24798700.0,7,2018,142.46699999999998,-454.952,52939008.0,4.0,0.46843907615344815,24798700.0,31,Colorado River,0.03333333333333333,0.03333333333333333,24798700.0
331,2018-08-01,4145.0,24191300.0,8,2018,142.46699999999998,-454.952,52939008.0,4.0,0.45696549508445644,24191300.0,31,Colorado River,0.03333333333333333,0.03333333333333333,24191300.0
332,2018-09-01,4149.0,23645900.0,9,2018,142.46699999999998,-454.952,52939008.0,4.0,0.44666307309725184,23645900.0,30,Colorado River,0.03333333333333333,0.03333333333333333,23645900.0
333,2018-10-01,4153.0,23056900.0,10,2018,142.46699999999998,-454.952,52939008.0,4.0,0.4355370618202744,23056900.0,31,Colorado River,0.03333333333333333,0.03333333333333333,23056900.0
334,2018-11-01,4157.0,22873400.0,11,2018,142.46699999999998,-454.952,52939008.0,4.0,0.4320708087314368,22873400.0,30,Colorado River,0.03333333333333333,0.03333333333333333,22873400.0
335,2018-12-01,4161.0,22539000.0,12,2018,142.46699999999998,-454.952,52939008.0,4.0,0.4257541055548302,22539000.0,31,Colorado River,0.03333333333333333,0.03333333333333333,22539000.0
336,2019-01-01,4165.0,22422100.0,1,2019,142.46699999999998,-454.952,52939008.0,4.0,0.42354590399578324,22422100.0,31,Colorado River,0.03333333333333333,0.03333333333333333,22422100.0
337,2019-02-01,4169.0,22343800.0,2,2019,142.46699999999998,-454.952,52939008.0,4.0,0.4220668434134618,22343800.0,28,Colorado River,0.03333333333333333,0.03333333333333333,22343800.0
338,2019-03-01,4173.0,22218400.0,3,2019,142.46699999999998,-454.952,52939008.0,4.0,0.41969807972223433,22218400.0,31,Colorado River,0.03333333333333333,0.03333333333333333,22218400.0
339,2019-04-01,4177.0,22191500.0,4,2019,142.46699999999998,-454.952,52939008.0,4.0,0.4191899477980396,22191500.0,30,Colorado River,0.03333333333333333,0.03333333333333333,22191500.0
340,2019-05-01,4181.0,22217200.0,5,2019,142.46699999999998,-454.952,52939008.0,4.0,0.41967541212710296,22217200.0,31,Colorado River,0.03333333333333333,0.03333333333333333,22217200.0
341,2019-06-01,4185.0,23197500.0,6,2019,142.46699999999998,-454.952,52939008.0,4.0,0.43819294838316575,23197500.0,30,Colorado River,0.03333333333333333,0.03333333333333333,23197500.0
342,2019-07-01,4189.0,25603900.0,7,2019,142.46699999999998,-454.952,52939008.0,4.0,0.48364903248659286,25603900.0,31,Colorado River,0.16666666666666669,0.16666666666666669,25603900.0
343,2019-08-01,4193.0,26473200.0,8,2019,142.46699999999998,-454.952,52939008.0,4.0,0.5000698161930046,26473200.0,31,Colorado River,0.26666666666666666,0.26666666666666666,26473200.0
344,2019-09-01,4197.0,26154100.0,9,2019,142.46699999999998,-454.952,52939008.0,4.0,0.4940421248543229,26154100.0,30,Colorado River,0.26666666666666666,0.26666666666666666,26154100.0
345,2019-10-01,4201.0,25711400.0,10,2019,142.46699999999998,-454.952,52939008.0,4.0,0.4856796712171108,25711400.0,31,Colorado River,0.26666666666666666,0.26666666666666666,25711400.0
346,2019-11-01,4205.0,25409200.0,11,2019,142.46699999999998,-454.952,52939008.0,4.0,0.4799712151765292,25409200.0,30,Colorado River,0.26666666666666666,0.26666666666666666,25409200.0
347,2019-12-01,4209.0,25464200.0,12,2019,142.46699999999998,-454.952,52939008.0,4.0,0.48101014662005,25464200.0,31,Colorado River,0.26666666666666666,0.26666666666666666,25464200.0
348,2020-01-01,4213.0,25724200.0,1,2020,142.46699999999998,-454.952,52939008.0,4.0,0.485921458898512,25724200.0,31,Colorado River,0.23333333333333336,0.23333333333333336,25724200.0
349,2020-02-01,4217.0,25750900.0,2,2020,142.46699999999998,-454.952,52939008.0,4.0,0.4864258128901849,25750900.0,29,Colorado River,0.2,0.2,25750900.0
350,2020-03-01,4221.0,25645900.0,3,2020,142.46699999999998,-454.952,52939008.0,4.0,0.48444239831619057,25645900.0,31,Colorado River,0.2,0.2,25645900.0
351,2020-04-01,4225.0,25678900.0,4,2020,142.46699999999998,-454.952,52939008.0,4.0,0.4850657571823031,25678900.0,30,Colorado River,0.2,0.2,25678900.0
352,2020-05-01,4229.0,25365000.0,5,2020,142.46699999999998,-454.952,52939008.0,4.0,0.4791362920891906,25365000.0,31,Colorado River,0.23333333333333336,0.23333333333333336,25365000.0
353,2020-06-01,4233.0,25484100.0,6,2020,142.46699999999998,-454.952,52939008.0,4.0,0.48138605090597847,25484100.0,30,Colorado River,0.2,0.2,25484100.0
354,2020-07-01,4237.0,25683200.0,7,2020,142.46699999999998,-454.952,52939008.0,4.0,0.4851469827315238,25683200.0,31,Colorado River,0.2,0.2,25683200.0
355,2020-08-01,4241.0,25023400.0,8,2020,142.46699999999998,-454.952,52939008.0,4.0,0.4726835833417959,25023400.0,31,Colorado River,0.1,0.1,25023400.0
356,2020-09-01,4245.0,25023400.0,9,2020,142.46699999999998,-454.952,52939008.0,4.0,0.4726835833417959,25023400.0,30,Colorado River,0.16666666666666669,0.16666666666666669,25023400.0
357,2020-10-01,4249.0,23728700.0,10,2020,142.46699999999998,-454.952,52939008.0,4.0,0.4482271371613159,23728700.0,31,Colorado River,0.06666666666666667,0.06666666666666667,23728700.0
358,2020-11-01,4253.0,23222200.0,11,2020,142.46699999999998,-454.952,52939008.0,4.0,0.4386595230496197,23222200.0,30,Colorado River,0.06666666666666667,0.06666666666666667,23222200.0
359,2020-12-01,4257.0,22898500.0,12,2020,142.46699999999998,-454.952,52939008.0,4.0,0.4325449392629344,22898500.0,31,Colorado River,0.06666666666666667,0.06666666666666667,22898500.0
360,2021-01-01,4261.0,22589100.0,1,2021,142.46699999999998,-454.952,52939008.0,4.0,0.4267004776515646,22589100.0,31,Colorado River,0.03333333333333333,0.03333333333333333,22589100.0
361,2021-02-01,4265.0,22416500.0,2,2021,142.46699999999998,-454.952,52939008.0,4.0,0.4234401218851702,22416500.0,28,Colorado River,0.03333333333333333,0.03333333333333333,22416500.0
362,2021-03-01,4269.0,22108100.0,3,2021,142.46699999999998,-454.952,52939008.0,4.0,0.41761454993640984,22108100.0,31,Colorado River,0.0,0.0,22108100.0
363,2021-04-01,4273.0,21481900.0,4,2021,142.46699999999998,-454.952,52939008.0,4.0,0.4057858432103601,21481900.0,30,Colorado River,0.0,0.0,21481900.0
364,2021-05-01,4277.0,20719400.0,5,2021,142.46699999999998,-454.952,52939008.0,4.0,0.3913824754706397,20719400.0,31,Colorado River,0.0,0.0,20719400.0
365,2021-06-01,4281.0,20115800.0,6,2021,142.46699999999998,-454.952,52939008.0,4.0,0.379980675119564,20115800.0,30,Colorado River,0.0,0.0,20115800.0
366,2021-07-01,4285.0,19728600.0,7,2021,142.46699999999998,-454.952,52939008.0,4.0,0.3726665977571775,19728600.0,31,Colorado River,0.0,0.0,19728600.0
367,2021-08-01,4289.0,19171600.0,8,2021,142.46699999999998,-454.952,52939008.0,4.0,0.36214505568370303,19171600.0,31,Colorado River,0.0,0.0,19171600.0
368,2021-09-01,4293.0,18833100.0,9,2021,142.46699999999998,-454.952,52939008.0,4.0,0.3557509048903976,18833100.0,30,Colorado River,0.0,0.0,18833100.0
369,2021-10-01,4297.0,18455100.0,10,2021,142.46699999999998,-454.952,52939008.0,4.0,0.3486106124240182,18455100.0,31,Colorado River,0.0,0.0,18455100.0
370,2021-11-01,4301.0,18183900.0,11,2021,142.46699999999998,-454.952,52939008.0,4.0,0.34348773592433013,18183900.0,30,Colorado River,0.0,0.0,18183900.0
371,2021-12-01,4305.0,17946300.0,12,2021,142.46699999999998,-454.952,52939008.0,4.0,0.3389995520883202,17946300.0,31,Colorado River,0.0,0.0,17946300.0
372,2022-01-01,4309.0,17768000.0,1,2022,142.46699999999998,-454.952,52939008.0,4.0,0.3356315252450518,17768000.0,31,Colorado River,0.0,0.0,17768000.0
373,2022-02-01,4313.0,17515300.0,2,2022,142.46699999999998,-454.952,52939008.0,4.0,0.3308581075036389,17515300.0,28,Colorado River,0.0,0.0,17515300.0
374,2022-03-01,4317.0,17294700.0,3,2022,142.46699999999998,-454.952,52939008.0,4.0,0.32669104793198994,17294700.0,31,Colorado River,0.0,0.0,17294700.0
375,2022-04-01,4321.0,16621300.0,4,2022,142.46699999999998,-454.952,52939008.0,4.0,0.3139707491307733,16621300.0,30,Colorado River,0.0,0.0,16621300.0
376,2022-05-01,4325.0,16096900.0,5,2022,142.46699999999998,-454.952,52939008.0,4.0,0.30406501005836756,16096900.0,31,Colorado River,0.0,0.0,16096900.0
377,2022-06-01,4329.0,16164400.0,6,2022,142.46699999999998,-454.952,52939008.0,4.0,0.3053400622845067,16164400.0,30,Colorado River,0.0,0.0,16164400.0
378,2022-07-01,4333.0,16346200.0,7,2022,142.46699999999998,-454.952,52939008.0,4.0,0.30877420294690827,16346200.0,31,Colorado River,0.0,0.0,16346200.0
379,2022-08-01,4337.0,15574900.0,8,2022,142.46699999999998,-454.952,52939008.0,4.0,0.2942046061762245,15574900.0,31,Colorado River,0.0,0.0,15574899.999999998
380,2022-09-01,4341.0,15491000.0,9,2022,142.46699999999998,-454.952,52939008.0,4.0,0.29261976348329005,15491000.0,30,Colorado River,0.0,0.0,15491000.0
381,2022-10-01,4345.0,15317100.0,10,2022,142.46699999999998,-454.952,52939008.0,4.0,0.28933485115550334,15317100.0,31,Colorado River,0.0,0.0,15317100.0
382,2022-11-01,4349.0,15267100.0,11,2022,142.46699999999998,-454.952,52939008.0,4.0,0.2883903680250299,15267100.0,30,Colorado River,0.0,0.0,15267100.0
383,2022-12-01,4353.0,15106100.0,12,2022,142.46699999999998,-454.952,52939008.0,4.0,0.2853491323449053,15106100.0,31,Colorado River,0.0,0.0,15106100.0
384,2023-01-01,4357.0,15022900.0,1,2023,142.46699999999998,-454.952,52939008.0,4.0,0.28377751241579746,15022900.0,31,Colorado River,0.0,0.0,15022900.000000002
385,2023-02-01,4361.0,15153700.0,2,2023,142.46699999999998,-454.952,52939008.0,4.0,0.286248280285116,15153700.0,28,Colorado River,0.0,0.0,15153699.999999998
386,2023-03-01,4365.0,15077200.0,3,2023,142.46699999999998,-454.952,52939008.0,4.0,0.2848032210954916,15077200.0,31,Colorado River,0.0,0.0,15077200.0
387,2023-04-01,4369.0,15090900.0,4,2023,142.46699999999998,-454.952,52939008.0,4.0,0.28506200947324134,15090900.0,30,Colorado River,0.0,0.0,15090900.0
388,2023-05-01,4373.0,15476540.0,5,2023,142.46699999999998,-454.952,52939008.0,4.0,0.2923466189619571,15476540.0,31,Colorado River,0.0,0.0,15476540.0
389,2023-06-01,4377.0,18097200.0,6,2023,142.46699999999998,-454.952,52939008.0,4.0,0.34185000217608913,18097200.0,30,Colorado River,0.0,0.0,18097200.0
390,2023-07-01,4381.0,20015600.0,7,2023,142.46699999999998,-454.952,52939008.0,4.0,0.37808793092609516,20015600.0,31,Colorado River,0.0,0.0,20015600.0
391,2023-08-01,4385.0,20116200.0,8,2023,142.46699999999998,-454.952,52939008.0,4.0,0.3799882309846078,20116200.0,31,Colorado River,0.0,0.0,20116200.0
392,2023-09-01,4389.0,19982700.0,9,2023,142.46699999999998,-454.952,52939008.0,4.0,0.37746646102624365,19982700.0,30,Colorado River,0.0,0.0,19982700.0
393,2023-10-01,4393.0,19830100.0,10,2023,142.46699999999998,-454.952,52939008.0,4.0,0.3745838985120386,19830100.0,31,Colorado River,0.0,0.0,19830100.0
394,2023-11-01,4397.0,19642700.0,11,2023,142.46699999999998,-454.952,52939008.0,4.0,0.37104397573902403,19642700.0,30,Colorado River,0.0,0.0,19642700.0
395,2023-12-01,4401.0,19611300.0,12,2023,142.46699999999998,-454.952,52939008.0,4.0,0.37045084033308673,19611300.0,31,Colorado River,0.0,0.0,19611300.0
