,date,HR_NAME,pctl_gwchange,pctl_gwchange_corr,pctl_gwelev,pctl_cumgwchange,pctl_cumgwchange_corr
0,1990-03-31,Central Coast,,,0.2857142857142857,,
1,1990-09-30,Central Coast,,,0.2121212121212121,,
2,1991-03-31,Central Coast,0.6435786435786436,0.7155688622754491,0.34375,0.3317610062893081,0.1497005988023952
3,1991-09-30,Central Coast,0.6904761904761905,0.7926646706586826,0.2068965517241379,0.3043478260869565,0.1160179640718562
4,1992-03-31,Central Coast,0.6949152542372882,0.8053892215568862,0.4137931034482758,0.365079365079365,0.2050898203592814
5,1992-09-30,Central Coast,0.6132478632478633,0.6631736526946108,0.2727272727272727,0.274294670846395,0.0778443113772455
6,1993-03-31,Central Coast,0.7558370591157476,0.905688622754491,0.5923295454545454,0.4409722222222222,0.3473053892215569
7,1993-09-30,Central Coast,0.7520491803278688,0.9041916167664672,0.5741758241758241,0.4330357142857143,0.3353293413173652
8,1994-03-31,Central Coast,0.432051282051282,0.3398203592814371,0.4599358974358974,0.5432190760059612,0.5194610778443114
9,1994-09-30,Central Coast,0.5651260504201681,0.6047904191616766,0.5,0.4212158808933002,0.3061377245508982
10,1995-03-31,Central Coast,0.7817460317460317,0.9311377245508982,0.7165178571428572,0.6310068649885583,0.6856287425149701
11,1995-09-30,Central Coast,0.6923076923076923,0.7971556886227545,0.7,0.6349206349206349,0.6931137724550899
12,1996-03-31,Central Coast,0.5419580419580419,0.561377245508982,0.7272727272727273,0.7212356640769515,0.8488023952095808
13,1996-09-30,Central Coast,0.5606060606060606,0.5958083832335329,0.7096774193548387,0.631578947368421,0.688622754491018
14,1997-03-31,Central Coast,0.4888888888888889,0.4640718562874251,0.5862068965517241,0.6764705882352942,0.781437125748503
15,1997-09-30,Central Coast,0.4454365079365079,0.3787425149700599,0.6,0.6141439205955335,0.6541916167664671
16,1998-03-31,Central Coast,0.7889676113360324,0.93562874251497,0.8805704099821747,0.7559808612440191,0.8907185628742516
17,1998-09-30,Central Coast,0.7777777777777778,0.9236526946107784,0.9245014245014244,0.8410526315789473,0.969311377245509
18,1999-03-31,Central Coast,0.4961538461538461,0.4730538922155688,0.7327380952380952,0.7981910684002261,0.94311377245509
19,1999-09-30,Central Coast,0.6136363636363636,0.6646706586826348,0.7857142857142857,0.8181818181818182,0.9573353293413174
20,2000-03-31,Central Coast,0.4923076923076923,0.468562874251497,0.7058823529411765,0.671875,0.7709580838323353
21,2000-09-30,Central Coast,0.4814814814814814,0.4550898203592814,0.7769886363636364,0.75,0.8832335329341318
22,2001-03-31,Central Coast,0.5909090909090909,0.6377245508982036,0.7819293478260869,0.7619047619047619,0.8982035928143712
23,2001-09-30,Central Coast,0.3714285714285714,0.2035928143712574,0.5882352941176471,0.6984126984126984,0.8106287425149701
24,2002-03-31,Central Coast,0.3859649122807017,0.2335329341317365,0.5298573975044563,0.59375,0.6227544910179641
25,2002-09-30,Central Coast,0.3371212121212121,0.1571856287425149,0.6363636363636364,0.6356421356421356,0.6961077844311377
26,2003-03-31,Central Coast,0.5477784540474742,0.5748502994011976,0.6056618819776715,0.6071428571428572,0.6482035928143712
27,2003-09-30,Central Coast,0.4285714285714285,0.3308383233532934,0.5862068965517241,0.6311740890688259,0.687125748502994
28,2004-03-31,Central Coast,0.3939393939393939,0.2470059880239521,0.5,0.5245901639344263,0.4895209580838323
29,2004-09-30,Central Coast,0.3777777777777777,0.2200598802395209,0.5151515151515151,0.53125,0.497005988023952
30,2005-03-31,Central Coast,0.696969696969697,0.811377245508982,0.8164983164983165,0.6461538461538462,0.718562874251497
31,2005-09-30,Central Coast,0.5555555555555556,0.5883233532934131,0.7,0.6451612903225806,0.7148203592814372
32,2006-03-31,Central Coast,0.673469387755102,0.7664670658682635,0.8333333333333334,0.7894736842105263,0.93188622754491
33,2006-09-30,Central Coast,0.6571428571428571,0.7350299401197605,0.78125,0.7931034482758621,0.938622754491018
34,2007-03-31,Central Coast,0.4663299663299663,0.4251497005988024,0.6666666666666666,0.8,0.9446107784431138
35,2007-09-30,Central Coast,0.3125,0.1130239520958083,0.5454545454545454,0.5925925925925926,0.6190119760479041
36,2008-03-31,Central Coast,0.5,0.4940119760479042,0.6,0.6457516339869281,0.7170658682634731
37,2008-09-30,Central Coast,0.4224759615384615,0.311377245508982,0.5,0.5,0.4401197604790419
38,2009-03-31,Central Coast,0.4444444444444444,0.3727544910179641,0.4375,0.5,0.4401197604790419
39,2009-09-30,Central Coast,0.4166666666666667,0.2904191616766467,0.4242424242424242,0.4,0.2657185628742515
40,2010-03-31,Central Coast,0.6638418079096045,0.7485029940119761,0.5555555555555556,0.4910457307323313,0.4146706586826347
41,2010-09-30,Central Coast,0.7407407407407407,0.8809880239520959,0.6273148148148149,0.5454545454545454,0.5247005988023952
42,2011-03-31,Central Coast,0.6666666666666666,0.7567365269461078,0.7058823529411765,0.6425347222222222,0.7080838323353293
43,2011-09-30,Central Coast,0.7428571428571429,0.8854790419161677,0.7931034482758621,0.7346938775510204,0.8637724550898204
44,2012-03-31,Central Coast,0.5263157894736842,0.5434131736526946,0.6510869565217392,0.6756756756756757,0.7784431137724551
45,2012-09-30,Central Coast,0.4577380952380952,0.405688622754491,0.6779953917050692,0.6978938130759105,0.8083832335329342
46,2013-03-31,Central Coast,0.4339622641509434,0.342814371257485,0.55,0.6153846153846154,0.656437125748503
47,2013-09-30,Central Coast,0.3055555555555556,0.1047904191616766,0.4848484848484848,0.5384615384615384,0.5104790419161677
48,2014-03-31,Central Coast,0.2727272727272727,0.0733532934131736,0.3823529411764705,0.4347826086956521,0.3375748502994012
49,2014-09-30,Central Coast,0.2272727272727272,0.029940119760479,0.3076923076923077,0.3181818181818182,0.1362275449101796
50,2015-03-31,Central Coast,0.3186653771760155,0.124251497005988,0.3,0.3100961538461538,0.124251497005988
51,2015-09-30,Central Coast,0.3333333333333333,0.1482035928143712,0.2424242424242424,0.2222222222222222,0.0359281437125748
52,2016-03-31,Central Coast,0.5258697591436218,0.5404191616766467,0.318609022556391,0.282392026578073,0.0958083832335329
53,2016-09-30,Central Coast,0.44,0.3570359281437126,0.3076923076923077,0.2666666666666666,0.0688622754491018
54,2017-03-31,Central Coast,0.7101018675721562,0.8383233532934131,0.5,0.40625,0.2739520958083832
55,2017-09-30,Central Coast,0.75,0.8982035928143712,0.5294117647058824,0.5,0.4401197604790419
56,2018-03-31,Central Coast,0.4444444444444444,0.3727544910179641,0.4545454545454545,0.48,0.3982035928143712
57,2018-09-30,Central Coast,0.4340579710144927,0.344311377245509,0.4615384615384615,0.4285714285714285,0.3181137724550898
58,2019-03-31,Central Coast,0.6771235521235521,0.7724550898203593,0.6414285714285715,0.5238095238095238,0.4880239520958084
59,2019-09-30,Central Coast,0.7083333333333334,0.8360778443113772,0.6666666666666666,0.5833333333333334,0.5988023952095808
60,2020-03-31,Central Coast,0.5909090909090909,0.6377245508982036,0.5833333333333334,0.6071428571428571,0.6459580838323353
61,2020-09-30,Central Coast,0.5,0.4940119760479042,0.5714285714285714,0.5384615384615384,0.5104790419161677
62,2021-03-31,Central Coast,0.3636363636363636,0.1961077844311377,0.4166666666666667,0.4615384615384615,0.3757485029940119
63,2021-09-30,Central Coast,0.3698005698005698,0.2020958083832335,0.4,0.391304347826087,0.248502994011976
64,2022-03-31,Central Coast,0.5,0.4940119760479042,0.3660287081339712,0.3636363636363636,0.1998502994011976
65,2022-09-30,Central Coast,0.4,0.2642215568862275,0.3333333333333333,0.28,0.091317365269461
66,2023-03-31,Central Coast,0.7391304347826086,0.8764970059880239,0.6014705882352941,0.4090909090909091,0.2829341317365269
67,2023-09-30,Central Coast,0.8888888888888888,0.994011976047904,0.7875939849624061,0.7391304347826086,0.8712574850299402
68,2024-03-31,Central Coast,0.7445652173913043,0.8877245508982036,0.5400641025641025,0.6875,0.7919161676646707
69,1990-03-31,Colorado River,,,0.6363636363636364,,
70,1990-09-30,Colorado River,,,0.75,,
71,1991-03-31,Colorado River,0.543778801843318,0.562874251497006,0.6,0.6720430107526881,0.7724550898203593
72,1991-09-30,Colorado River,0.3046875,0.1017964071856287,0.5,0.5694980694980695,0.5733532934131736
73,1992-03-31,Colorado River,0.5,0.4940119760479042,0.5384615384615384,0.5,0.4401197604790419
74,1992-09-30,Colorado River,0.5,0.4940119760479042,0.5638586956521738,0.5416666666666666,0.5179640718562875
75,1993-03-31,Colorado River,0.7142857142857143,0.843562874251497,0.765625,0.6953125,0.8053892215568862
76,1993-09-30,Colorado River,0.6930803571428572,0.8008982035928144,0.80625,0.8000512032770097,0.9461077844311376
77,1994-03-31,Colorado River,0.4545454545454545,0.3997005988023952,0.9,0.8469785575048733,0.9730538922155688
78,1994-09-30,Colorado River,0.4498847926267281,0.3877245508982035,0.7596153846153846,0.7115625,0.8293413173652695
79,1995-03-31,Colorado River,0.4957816377171216,0.4715568862275449,0.7386363636363636,0.715079365079365,0.8368263473053892
80,1995-09-30,Colorado River,0.5453799890650628,0.5643712574850299,0.6899038461538461,0.7048387096774194,0.8203592814371258
81,1996-03-31,Colorado River,0.5,0.4940119760479042,0.7575757575757576,0.7368421052631579,0.8652694610778443
82,1996-09-30,Colorado River,0.3225806451612903,0.1317365269461078,0.5606617647058824,0.550979262672811,0.5419161676646707
83,1997-03-31,Colorado River,0.4206149193548387,0.3068862275449102,0.5882352941176471,0.6129032258064516,0.6526946107784432
84,1997-09-30,Colorado River,0.4594594594594595,0.4116766467065868,0.6,0.5714285714285714,0.5800898203592815
85,1998-03-31,Colorado River,0.6666666666666666,0.7567365269461078,0.6666666666666666,0.6666666666666666,0.7597305389221557
86,1998-09-30,Colorado River,0.7258064516129032,0.8615269461077845,0.696969696969697,0.5833333333333334,0.5988023952095808
87,1999-03-31,Colorado River,0.5483870967741935,0.5763473053892215,0.6764705882352942,0.6,0.6332335329341318
88,1999-09-30,Colorado River,0.563506672802577,0.6032934131736527,0.6483516483516484,0.6602564102564102,0.75
89,2000-03-31,Colorado River,0.3886703383162864,0.2380239520958083,0.6396103896103896,0.6466547192353644,0.7215568862275449
90,2000-09-30,Colorado River,0.4188555347091932,0.3008982035928144,0.6153846153846154,0.5925925925925926,0.6190119760479041
91,2001-03-31,Colorado River,0.5161290322580645,0.5209580838323353,0.6428571428571429,0.6666666666666666,0.7597305389221557
92,2001-09-30,Colorado River,0.4501488095238095,0.3922155688622754,0.7083333333333334,0.6818181818181818,0.7866766467065869
93,2002-03-31,Colorado River,0.4576271186440678,0.4041916167664671,0.6379310344827587,0.676923076923077,0.7829341317365269
94,2002-09-30,Colorado River,0.4178321678321678,0.2964071856287425,0.6094819159335289,0.6271551724137931,0.6781437125748503
95,2003-03-31,Colorado River,0.4180327868852459,0.2979041916167664,0.5931712962962963,0.6212121212121212,0.6661676646706587
96,2003-09-30,Colorado River,0.15,0.0029940119760479,0.4375,0.4548233695652174,0.3652694610778443
97,2004-03-31,Colorado River,0.3953125,0.2514970059880239,0.5833333333333334,0.5962962962962963,0.624251497005988
98,2004-09-30,Colorado River,0.2539682539682539,0.0523952095808383,0.3449519230769231,0.3752587991718426,0.2275449101796407
99,2005-03-31,Colorado River,0.4135746606334841,0.2844311377245509,0.5454545454545454,0.5527777777777778,0.5479041916167665
100,2005-09-30,Colorado River,0.4815188172043011,0.4565868263473054,0.458041958041958,0.4212158808933002,0.3061377245508982
101,2006-03-31,Colorado River,0.5,0.4940119760479042,0.625,0.575,0.5883233532934131
102,2006-09-30,Colorado River,0.3741258741258741,0.2080838323353293,0.5857771260997068,0.3977272727272727,0.2589820359281437
103,2007-03-31,Colorado River,0.5681818181818182,0.6122754491017964,0.4619252873563218,0.4878048780487805,0.4086826347305389
104,2007-09-30,Colorado River,0.4058823529411764,0.2769461077844311,0.5333333333333333,0.4961538461538461,0.4214071856287425
105,2008-03-31,Colorado River,0.4285714285714285,0.3308383233532934,0.4545454545454545,0.5,0.4401197604790419
106,2008-09-30,Colorado River,0.5,0.4940119760479042,0.4285714285714285,0.3170731707317073,0.1317365269461078
107,2009-03-31,Colorado River,0.4673913043478261,0.4281437125748503,0.3333333333333333,0.3333333333333333,0.1609281437125748
108,2009-09-30,Colorado River,0.5,0.4940119760479042,0.4545454545454545,0.3703703703703703,0.2118263473053892
109,2010-03-31,Colorado River,0.6097560975609756,0.6586826347305389,0.4285714285714285,0.4210526315789473,0.3023952095808383
110,2010-09-30,Colorado River,0.5519713261648745,0.5838323353293413,0.4058823529411764,0.3538899430740038,0.1901197604790419
111,2011-03-31,Colorado River,0.6363636363636364,0.7005988023952096,0.4,0.359375,0.1946107784431137
112,2011-09-30,Colorado River,0.5384615384615384,0.5553892215568862,0.4,0.3823529411764705,0.2327844311377245
113,2012-03-31,Colorado River,0.5757575757575758,0.6182634730538922,0.4117647058823529,0.3947368421052631,0.2529940119760479
114,2012-09-30,Colorado River,0.5625,0.5995508982035929,0.3333333333333333,0.2857142857142857,0.0988023952095808
115,2013-03-31,Colorado River,0.625,0.6818862275449101,0.303030303030303,0.2692307692307692,0.0733532934131736
116,2013-09-30,Colorado River,0.6076388888888888,0.6541916167664671,0.3333333333333333,0.2697505197505198,0.0748502994011976
117,2014-03-31,Colorado River,0.6343582887700534,0.6946107784431138,0.4285714285714285,0.4285714285714285,0.3181137724550898
118,2014-09-30,Colorado River,0.5652173913043478,0.6070359281437125,0.4375,0.4126984126984127,0.2904191616766467
119,2015-03-31,Colorado River,0.6823725055432373,0.7799401197604791,0.474937343358396,0.3703703703703703,0.2118263473053892
120,2015-09-30,Colorado River,0.8260869565217391,0.9663173652694612,0.6,0.5236900780379041,0.4865269461077844
121,2016-03-31,Colorado River,0.6348484848484848,0.6961077844311377,0.5,0.5038461538461538,0.4580838323353293
122,2016-09-30,Colorado River,0.5454545454545454,0.5673652694610778,0.5454545454545454,0.5333333333333333,0.500748502994012
123,2017-03-31,Colorado River,0.6226415094339622,0.6796407185628742,0.5119047619047619,0.5185185185185185,0.4812874251497006
124,2017-09-30,Colorado River,0.4761904761904761,0.4431137724550898,0.5384615384615384,0.5555555555555556,0.5531437125748503
125,2018-03-31,Colorado River,0.4433760683760683,0.3652694610778443,0.4545454545454545,0.4782608695652174,0.3952095808383233
126,2018-09-30,Colorado River,0.5258620689655172,0.5389221556886228,0.5384615384615384,0.4736842105263157,0.3907185628742515
127,2019-03-31,Colorado River,0.6486486486486487,0.7223053892215568,0.6181818181818182,0.5555555555555556,0.5531437125748503
128,2019-09-30,Colorado River,0.6290322580645161,0.687125748502994,0.6923076923076923,0.6521739130434783,0.7350299401197605
129,2020-03-31,Colorado River,0.6666666666666666,0.7567365269461078,0.75,0.7567567567567568,0.8937125748502994
130,2020-09-30,Colorado River,0.6590909090909091,0.7440119760479041,0.7619047619047619,0.7692307692307693,0.9086826347305388
131,2021-03-31,Colorado River,0.4705882352941176,0.434880239520958,0.7368421052631579,0.7391304347826086,0.8712574850299402
132,2021-09-30,Colorado River,0.5676339285714286,0.6107784431137725,0.8076923076923077,0.7669683257918551,0.9041916167664672
133,2022-03-31,Colorado River,0.5652173913043478,0.6070359281437125,0.75,0.7071150097465887,0.8218562874251497
134,2022-09-30,Colorado River,0.5490196078431373,0.5778443113772455,0.7692307692307693,0.6956521739130435,0.8068862275449101
135,2023-03-31,Colorado River,0.6274509803921569,0.6856287425149701,0.8,0.6984126984126984,0.8106287425149701
136,2023-09-30,Colorado River,0.5405405405405406,0.5598802395209581,0.7941176470588235,0.6415094339622641,0.7065868263473054
137,1990-03-31,North Coast,,,0.5,,
138,1990-09-30,North Coast,,,0.5,,
139,1991-03-31,North Coast,0.3827838827838827,0.2275449101796407,0.4416666666666666,0.4,0.2657185628742515
140,1991-09-30,North Coast,0.4333333333333333,0.3413173652694611,0.3888608870967742,0.3653846153846153,0.2080838323353293
141,1992-03-31,North Coast,0.4538352272727273,0.3952095808383233,0.3970588235294117,0.3333333333333333,0.1609281437125748
142,1992-09-30,North Coast,0.4765625,0.4446107784431137,0.3636363636363636,0.35,0.18562874251497
143,1993-03-31,North Coast,0.7454545454545455,0.8907185628742516,0.5625,0.5,0.4401197604790419
144,1993-09-30,North Coast,0.7165178571428572,0.8473053892215568,0.625,0.5351851851851852,0.5059880239520959
145,1994-03-31,North Coast,0.3361581920903954,0.155688622754491,0.3333333333333333,0.3975806451612903,0.2574850299401197
146,1994-09-30,North Coast,0.2641509433962264,0.059880239520958,0.3273809523809524,0.2983870967741935,0.1092814371257485
147,1995-03-31,North Coast,0.7727272727272727,0.9199101796407184,0.5527777777777778,0.5277777777777778,0.4955089820359281
148,1995-09-30,North Coast,0.5572580645161291,0.592814371257485,0.596875,0.5127192982456141,0.4715568862275449
149,1996-03-31,North Coast,0.6349206349206349,0.6976047904191617,0.6666666666666666,0.6307692307692307,0.6833832335329342
150,1996-09-30,North Coast,0.6583333333333333,0.7395209580838323,0.7696969696969698,0.7090909090909091,0.8263473053892215
151,1997-03-31,North Coast,0.4791666666666667,0.4505988023952096,0.5806451612903226,0.6896551724137931,0.7949101796407185
152,1997-09-30,North Coast,0.4626148705096073,0.4206586826347305,0.6846590909090908,0.5910003345600535,0.6122754491017964
153,1998-03-31,North Coast,0.7230769230769231,0.8592814371257484,0.7941176470588235,0.7301587301587301,0.8577844311377245
154,1998-09-30,North Coast,0.6693108974358974,0.7649700598802395,0.8461538461538461,0.7898981324278438,0.934131736526946
155,1999-03-31,North Coast,0.637218045112782,0.7020958083832335,0.9082491582491584,0.8520833333333333,0.9775449101796408
156,1999-09-30,North Coast,0.4489795918367347,0.3862275449101796,0.75,0.8518518518518519,0.9760479041916168
157,2000-03-31,North Coast,0.4396551724137931,0.3547904191616766,0.7727272727272727,0.7580645161290323,0.8952095808383234
158,2000-09-30,North Coast,0.487468671679198,0.4625748502994012,0.7,0.6992063492063492,0.812874251497006
159,2001-03-31,North Coast,0.2539072039072039,0.0508982035928143,0.375,0.5,0.4401197604790419
160,2001-09-30,North Coast,0.1892622950819672,0.0119760479041916,0.4423076923076923,0.3191075172207247,0.1407185628742515
161,2002-03-31,North Coast,0.6779661016949152,0.7739520958083832,0.6064516129032258,0.4821428571428571,0.3997005988023952
162,2002-09-30,North Coast,0.5306122448979592,0.5508982035928144,0.446360153256705,0.4909090909090909,0.4131736526946107
163,2003-03-31,North Coast,0.5769230769230769,0.6197604790419161,0.7058823529411765,0.5714285714285714,0.5800898203592815
164,2003-09-30,North Coast,0.5833333333333334,0.6294910179640718,0.6614583333333333,0.6515151515151515,0.7335329341317365
165,2004-03-31,North Coast,0.4891304347826087,0.4655688622754491,0.6470588235294118,0.627906976744186,0.6811377245508982
166,2004-09-30,North Coast,0.478219696969697,0.4461077844311377,0.6085858585858586,0.6165158371040724,0.6586826347305389
167,2005-03-31,North Coast,0.5786951144094001,0.6212574850299402,0.7063894523326573,0.6530612244897959,0.7372754491017964
168,2005-09-30,North Coast,0.5172413793103449,0.5239520958083832,0.6,0.6411007025761124,0.7050898203592815
169,2006-03-31,North Coast,0.7213114754098361,0.8532934131736527,0.7878787878787878,0.7304782082324455,0.8592814371257484
170,2006-09-30,North Coast,0.6666666666666666,0.7567365269461078,0.7022727272727273,0.7478813559322034,0.8772455089820359
171,2007-03-31,North Coast,0.6491228070175439,0.7245508982035929,0.64,0.7741935483870968,0.9161676646706588
172,2007-09-30,North Coast,0.3636363636363636,0.1961077844311377,0.6363636363636364,0.6472409909909911,0.7260479041916168
173,2008-03-31,North Coast,0.4444444444444444,0.3727544910179641,0.5714285714285714,0.6166666666666667,0.6601796407185628
174,2008-09-30,North Coast,0.4318181818181818,0.3375748502994012,0.5344827586206896,0.5357142857142857,0.5074850299401198
175,2009-03-31,North Coast,0.3333333333333333,0.1482035928143712,0.3914141414141414,0.4324596774193548,0.3338323353293413
176,2009-09-30,North Coast,0.4690688775510204,0.4311377245508982,0.5,0.3951340098881082,0.2544910179640718
177,2010-03-31,North Coast,0.6407624633431085,0.7110778443113772,0.5714285714285714,0.5482374768089053,0.5344311377245509
178,2010-09-30,North Coast,0.6991379310344827,0.8188622754491018,0.625,0.6023255813953488,0.6407185628742516
179,2011-03-31,North Coast,0.4595081967213115,0.4139221556886227,0.5208695652173914,0.5555555555555556,0.5531437125748503
180,2011-09-30,North Coast,0.6354166666666666,0.6991017964071856,0.68,0.5652173913043478,0.5673652694610778
181,2012-03-31,North Coast,0.5625,0.5995508982035929,0.52,0.5818181818181818,0.594311377245509
182,2012-09-30,North Coast,0.4431524547803617,0.3637724550898203,0.5714285714285714,0.5178799489144317,0.4775449101796407
183,2013-03-31,North Coast,0.3928571428571428,0.2440119760479042,0.4,0.4478221415607986,0.3532934131736527
184,2013-09-30,North Coast,0.35,0.1721556886227545,0.4090909090909091,0.3829787234042553,0.2350299401197604
185,2014-03-31,North Coast,0.319672131147541,0.1272455089820359,0.3333333333333333,0.3513513513513513,0.1886227544910179
186,2014-09-30,North Coast,0.3,0.0973053892215568,0.3021739130434783,0.2631578947368421,0.0643712574850299
187,2015-03-31,North Coast,0.5087719298245614,0.5164670658682635,0.3333333333333333,0.2758620689655172,0.0815868263473054
188,2015-09-30,North Coast,0.5,0.4940119760479042,0.2727272727272727,0.2690669763840495,0.0718562874251497
189,2016-03-31,North Coast,0.6946002805049089,0.8038922155688623,0.5294117647058824,0.4,0.2657185628742515
190,2016-09-30,North Coast,0.7142857142857143,0.843562874251497,0.5555555555555556,0.5,0.4401197604790419
191,2017-03-31,North Coast,0.7165879410947485,0.8488023952095808,0.8333333333333334,0.6573932926829269,0.7470059880239521
192,2017-09-30,North Coast,0.6538033395176253,0.7320359281437125,0.56125,0.6324561403508772,0.6901197604790419
193,2018-03-31,North Coast,0.6470588235294118,0.7200598802395209,0.5,0.5916666666666667,0.6137724550898204
194,2018-09-30,North Coast,0.4230769230769231,0.312874251497006,0.5,0.4583333333333333,0.3682634730538922
195,2019-03-31,North Coast,0.7166666666666667,0.8502994011976048,0.6923076923076923,0.6,0.6332335329341318
196,2019-09-30,North Coast,0.6388210673177538,0.7035928143712575,0.7,0.7071428571428571,0.8233532934131736
197,2020-03-31,North Coast,0.3592452830188679,0.18562874251497,0.3779761904761904,0.485837922895358,0.405688622754491
198,2020-09-30,North Coast,0.2,0.0187125748502994,0.34375,0.2777777777777778,0.0883233532934131
199,2021-03-31,North Coast,0.2678571428571428,0.0666167664670658,0.2412121212121212,0.2368421052631578,0.0479041916167664
200,2021-09-30,North Coast,0.3251984126984127,0.1362275449101796,0.3333333333333333,0.2222222222222222,0.0359281437125748
201,2022-03-31,North Coast,0.4638501742160279,0.4221556886227545,0.3333333333333333,0.25,0.0576347305389221
202,2022-09-30,North Coast,0.4183932346723044,0.2994011976047904,0.3333333333333333,0.2807881773399014,0.0943113772455089
203,2023-03-31,North Coast,0.8571428571428571,0.9857784431137724,0.75,0.5454545454545454,0.5247005988023952
204,2023-09-30,North Coast,0.6666666666666666,0.7567365269461078,0.6666666666666666,0.6841269841269841,0.7889221556886228
205,2024-03-31,North Coast,0.2181818181818181,0.0254491017964071,0.5454545454545454,0.7317073170731707,0.8607784431137725
206,1990-03-31,North Lahontan,,,0.6086956521739131,,
207,1990-09-30,North Lahontan,,,0.4880952380952381,,
208,1991-03-31,North Lahontan,0.3057377049180327,0.1062874251497006,0.3798076923076923,0.4286437246963562,0.3248502994011976
209,1991-09-30,North Lahontan,0.4,0.2642215568862275,0.3618181818181818,0.4615384615384615,0.3757485029940119
210,1992-03-31,North Lahontan,0.3854548789435069,0.2320359281437125,0.3125,0.3068309070548712,0.1197604790419161
211,1992-09-30,North Lahontan,0.3125,0.1130239520958083,0.2182539682539682,0.2016129032258064,0.0239520958083832
212,1993-03-31,North Lahontan,0.6503968253968254,0.7290419161676647,0.3798076923076923,0.3,0.1122754491017964
213,1993-09-30,North Lahontan,0.8260738052026618,0.9640718562874252,0.5172413793103449,0.4843304843304843,0.4026946107784431
214,1994-03-31,North Lahontan,0.5708705357142857,0.6152694610778443,0.4090909090909091,0.4400709219858156,0.3458083832335329
215,1994-09-30,North Lahontan,0.2,0.0187125748502994,0.3676470588235294,0.3229166666666666,0.1467065868263473
216,1995-03-31,North Lahontan,0.8775,0.9910179640718564,0.6,0.5872210953346856,0.6062874251497006
217,1995-09-30,North Lahontan,0.6785714285714286,0.7754491017964071,0.7,0.6363636363636364,0.6991017964071856
218,1996-03-31,North Lahontan,0.8181818181818182,0.9580838323353292,0.84,0.7857142857142857,0.9273952095808384
219,1996-09-30,North Lahontan,0.6579433497536946,0.7380239520958084,0.75,0.7738959467634603,0.9146706586826348
220,1997-03-31,North Lahontan,0.6735655737704918,0.7679640718562875,0.8392857142857143,0.7655677655677655,0.9011976047904192
221,1997-09-30,North Lahontan,0.65,0.7275449101796407,0.8387096774193549,0.7659574468085106,0.9026946107784432
222,1998-03-31,North Lahontan,0.5666666666666667,0.6092814371257484,0.8582589285714286,0.7947368421052632,0.940119760479042
223,1998-09-30,North Lahontan,0.6888888888888889,0.7859281437125748,0.935483870967742,0.873015873015873,0.9850299401197604
224,1999-03-31,North Lahontan,0.6333333333333333,0.6916167664670658,0.8888888888888888,0.8888888888888888,0.9895209580838324
225,1999-09-30,North Lahontan,0.5185185185185185,0.5269461077844312,0.8787878787878788,0.8688524590163934,0.9805389221556886
226,2000-03-31,North Lahontan,0.4624765478424015,0.4191616766467065,0.8504962779156328,0.8410526315789473,0.969311377245509
227,2000-09-30,North Lahontan,0.3461538461538461,0.1676646706586826,0.8333333333333334,0.8095238095238095,0.9535928143712576
228,2001-03-31,North Lahontan,0.2321428571428571,0.0374251497005988,0.59375,0.6484375,0.7275449101796407
229,2001-09-30,North Lahontan,0.1785714285714285,0.0089820359281437,0.5147058823529411,0.5555555555555556,0.5531437125748503
230,2002-03-31,North Lahontan,0.4473684210526316,0.3832335329341317,0.5333333333333333,0.5526315789473685,0.5449101796407185
231,2002-09-30,North Lahontan,0.4832915622389306,0.4595808383233533,0.478713768115942,0.4349206349206349,0.3398203592814371
232,2003-03-31,North Lahontan,0.5327442827442828,0.5523952095808383,0.4739789196310935,0.4720302099334357,0.3892215568862275
233,2003-09-30,North Lahontan,0.5229663394109396,0.5359281437125748,0.4583333333333333,0.4316666666666666,0.3323353293413174
234,2004-03-31,North Lahontan,0.527027027027027,0.5464071856287425,0.4538352272727273,0.43,0.3263473053892216
235,2004-09-30,North Lahontan,0.5244047619047619,0.5374251497005988,0.4594155844155844,0.4454365079365079,0.3517964071856287
236,2005-03-31,North Lahontan,0.5517241379310345,0.5823353293413174,0.5384615384615384,0.5,0.4401197604790419
237,2005-09-30,North Lahontan,0.4736842105263157,0.4416167664670659,0.5,0.4603174603174603,0.3727544910179641
238,2006-03-31,North Lahontan,0.8166666666666667,0.9565868263473054,0.7666666666666667,0.6465909090909091,0.7200598802395209
239,2006-09-30,North Lahontan,0.7301587301587301,0.8682634730538922,0.6818181818181818,0.7209302325581395,0.8473053892215568
240,2007-03-31,North Lahontan,0.2295081967213114,0.0344311377245509,0.5615530303030303,0.5555555555555556,0.5531437125748503
241,2007-09-30,North Lahontan,0.3011627906976744,0.0988023952095808,0.5,0.46171875,0.3787425149700599
242,2008-03-31,North Lahontan,0.3958333333333333,0.2544910179640718,0.4424342105263158,0.4627586206896552,0.3802395209580838
243,2008-09-30,North Lahontan,0.3968253968253968,0.2574850299401197,0.4558823529411764,0.3870967741935484,0.2440119760479042
244,2009-03-31,North Lahontan,0.5390625,0.5568862275449101,0.40625,0.3863636363636363,0.2417664670658682
245,2009-09-30,North Lahontan,0.48,0.4528443113772455,0.4275210084033613,0.3720930232558139,0.2193113772455089
246,2010-03-31,North Lahontan,0.5227272727272727,0.5344311377245509,0.4090909090909091,0.391390931372549,0.25
247,2010-09-30,North Lahontan,0.5,0.4940119760479042,0.4264069264069264,0.375,0.2245508982035928
248,2011-03-31,North Lahontan,0.7647058823529411,0.9146706586826348,0.6521739130434783,0.55,0.5389221556886228
249,2011-09-30,North Lahontan,0.70703125,0.8323353293413174,0.6923076923076923,0.5972572509457755,0.625748502994012
250,2012-03-31,North Lahontan,0.3962264150943396,0.2559880239520958,0.4464285714285714,0.5089285714285714,0.4625748502994012
251,2012-09-30,North Lahontan,0.2903225806451613,0.092814371257485,0.4545454545454545,0.4166666666666667,0.2956586826347305
252,2013-03-31,North Lahontan,0.4166666666666667,0.2904191616766467,0.3582589285714286,0.3559322033898305,0.1923652694610778
253,2013-09-30,North Lahontan,0.425,0.3196107784431137,0.3858560794044665,0.35,0.18562874251497
254,2014-03-31,North Lahontan,0.4369318181818181,0.3517964071856287,0.3333333333333333,0.3333333333333333,0.1609281437125748
255,2014-09-30,North Lahontan,0.3867521367521367,0.2350299401197604,0.2727272727272727,0.2790697674418604,0.0898203592814371
256,2015-03-31,North Lahontan,0.3333333333333333,0.1482035928143712,0.1818181818181818,0.1904761904761904,0.0202095808383233
257,2015-09-30,North Lahontan,0.4416666666666666,0.3607784431137724,0.21875,0.1818181818181818,0.0164670658682634
258,2016-03-31,North Lahontan,0.6818181818181818,0.7784431137724551,0.3333333333333333,0.293103448275862,0.1047904191616766
259,2016-09-30,North Lahontan,0.7217668488160291,0.8547904191616766,0.4,0.3747257569109258,0.2215568862275449
260,2017-03-31,North Lahontan,0.8617021276595744,0.9880239520958084,0.8,0.625,0.6729041916167665
261,2017-09-30,North Lahontan,0.8524590163934426,0.9775449101796408,0.75,0.8181818181818182,0.9573353293413174
262,2018-03-31,North Lahontan,0.4166666666666667,0.2904191616766467,0.625,0.7161172161172161,0.8383233532934131
263,2018-09-30,North Lahontan,0.3621460506706409,0.1916167664670658,0.625,0.6352549889135255,0.6946107784431138
264,2019-03-31,North Lahontan,0.6046511627906976,0.6511976047904192,0.7272727272727273,0.6333333333333333,0.6916167664670658
265,2019-09-30,North Lahontan,0.7066256830601093,0.8293413173652695,0.8,0.7705802968960864,0.9116766467065868
266,2020-03-31,North Lahontan,0.4583333333333333,0.4071856287425149,0.6,0.7272727272727273,0.8547904191616766
267,2020-09-30,North Lahontan,0.2307692307692307,0.0359281437125748,0.5,0.5454545454545454,0.5247005988023952
268,2021-03-31,North Lahontan,0.2653061224489796,0.0628742514970059,0.3636363636363636,0.4210526315789473,0.3023952095808383
269,2021-09-30,North Lahontan,0.3203812316715542,0.1287425149700598,0.4127789046653144,0.3333333333333333,0.1609281437125748
270,2022-03-31,North Lahontan,0.5932203389830508,0.6437125748502994,0.4152462121212121,0.4838709677419355,0.4011976047904191
271,2022-09-30,North Lahontan,0.4564393939393939,0.4011976047904191,0.34375,0.4084821428571428,0.278443113772455
272,2023-03-31,North Lahontan,0.7581967213114753,0.9116766467065868,0.6666666666666666,0.5186615186615187,0.4835329341317365
273,2023-09-30,North Lahontan,0.7926587301587301,0.9416167664670658,0.7669683257918551,0.6396103896103896,0.7035928143712575
274,2024-03-31,North Lahontan,0.0793650793650793,0.0014970059880239,0.125,0.238095238095238,0.0494011976047904
275,1990-03-31,Sacramento River,,,0.4444444444444444,,
276,1990-09-30,Sacramento River,,,0.4722222222222222,,
277,1991-03-31,Sacramento River,0.3048861228813559,0.1032934131736526,0.2647058823529412,0.3076923076923077,0.1212574850299401
278,1991-09-30,Sacramento River,0.3823529411764705,0.2260479041916167,0.3333333333333333,0.2461538461538461,0.0523952095808383
279,1992-03-31,Sacramento River,0.64,0.7065868263473054,0.3333333333333333,0.314516129032258,0.1302395209580838
280,1992-09-30,Sacramento River,0.4032258064516129,0.2732035928143712,0.2941176470588235,0.2407407407407407,0.0508982035928143
281,1993-03-31,Sacramento River,0.7713815789473684,0.9176646706586826,0.5714285714285714,0.3793939393939394,0.2305389221556886
282,1993-09-30,Sacramento River,0.8508771929824561,0.9760479041916168,0.6428571428571429,0.5892857142857143,0.6100299401197605
283,1994-03-31,Sacramento River,0.4,0.2642215568862275,0.4,0.5,0.4401197604790419
284,1994-09-30,Sacramento River,0.229337431693989,0.0329341317365269,0.3529411764705882,0.3082579185520362,0.122754491017964
285,1995-03-31,Sacramento River,0.8130296610169492,0.9535928143712576,0.7142857142857143,0.5,0.4401197604790419
286,1995-09-30,Sacramento River,0.8448275862068966,0.9730538922155688,0.75,0.7142857142857143,0.8330838323353293
287,1996-03-31,Sacramento River,0.6415094339622641,0.7125748502994012,0.8103448275862069,0.7769230769230769,0.9176646706586826
288,1996-09-30,Sacramento River,0.5555555555555556,0.5883233532934131,0.7777777777777778,0.7698612862547289,0.9101796407185628
289,1997-03-31,Sacramento River,0.5,0.4940119760479042,0.75,0.7272727272727273,0.8547904191616766
290,1997-09-30,Sacramento River,0.4595081967213115,0.4139221556886227,0.71875,0.6857298474945535,0.7904191616766467
291,1998-03-31,Sacramento River,0.7802439024390244,0.9266467065868264,0.9264705882352942,0.8454907161803713,0.9715568862275448
292,1998-09-30,Sacramento River,0.7403846153846154,0.8787425149700598,0.9375,0.913793103448276,0.998502994011976
293,1999-03-31,Sacramento River,0.4482758620689655,0.3847305389221557,0.8275862068965517,0.8888888888888888,0.9895209580838324
294,1999-09-30,Sacramento River,0.2898981324278438,0.091317365269461,0.7647058823529411,0.75,0.8832335329341318
295,2000-03-31,Sacramento River,0.4618298368298368,0.4176646706586826,0.78125,0.7670542635658915,0.905688622754491
296,2000-09-30,Sacramento River,0.4722222222222222,0.4401197604790419,0.7575757575757576,0.7387959866220736,0.8675149700598802
297,2001-03-31,Sacramento River,0.4067796610169492,0.281437125748503,0.6363636363636364,0.6818181818181818,0.7866766467065869
298,2001-09-30,Sacramento River,0.3210169491525423,0.1302395209580838,0.5625,0.5607017543859649,0.5598802395209581
299,2002-03-31,Sacramento River,0.4818121693121693,0.4580838323353293,0.5625,0.5388386123680241,0.5134730538922155
300,2002-09-30,Sacramento River,0.4693877551020408,0.4326347305389221,0.5555555555555556,0.5155048076923077,0.4745508982035928
301,2003-03-31,Sacramento River,0.5909090909090909,0.6377245508982036,0.631578947368421,0.5652173913043478,0.5673652694610778
302,2003-09-30,Sacramento River,0.6585365853658537,0.7410179640718563,0.6666666666666666,0.6274509803921569,0.6796407185628742
303,2004-03-31,Sacramento River,0.6111111111111112,0.6616766467065869,0.6896551724137931,0.6741658240647118,0.7769461077844312
304,2004-09-30,Sacramento River,0.5,0.4940119760479042,0.6774193548387096,0.673469387755102,0.7754491017964071
305,2005-03-31,Sacramento River,0.5803225806451613,0.624251497005988,0.7368421052631579,0.6923076923076923,0.8016467065868264
306,2005-09-30,Sacramento River,0.613835725677831,0.6661676646706587,0.7666666666666667,0.7455342902711324,0.875748502994012
307,2006-03-31,Sacramento River,0.7567567567567568,0.907185628742515,0.9393939393939394,0.8631907308377897,0.9790419161676648
308,2006-09-30,Sacramento River,0.660377358490566,0.7455089820359282,0.8888888888888888,0.9076923076923076,0.997005988023952
309,2007-03-31,Sacramento River,0.2432432432432432,0.0411676646706586,0.5769230769230769,0.7333333333333333,0.8622754491017964
310,2007-09-30,Sacramento River,0.2777777777777778,0.0785928143712574,0.6507575757575758,0.5932203389830508,0.6212574850299402
311,2008-03-31,Sacramento River,0.5,0.4940119760479042,0.5606060606060606,0.5892857142857143,0.6100299401197605
312,2008-09-30,Sacramento River,0.3396226415094339,0.1601796407185629,0.5,0.5,0.4401197604790419
313,2009-03-31,Sacramento River,0.3174603174603174,0.1197604790419161,0.4016129032258064,0.425531914893617,0.311377245508982
314,2009-09-30,Sacramento River,0.40625,0.2791916167664671,0.4444444444444444,0.3863636363636363,0.2417664670658682
315,2010-03-31,Sacramento River,0.6935483870967742,0.8023952095808383,0.5384615384615384,0.4711431742508324,0.3862275449101796
316,2010-09-30,Sacramento River,0.6625,0.7470059880239521,0.5517241379310345,0.5151515151515151,0.4730538922155688
317,2011-03-31,Sacramento River,0.7021276595744681,0.8263473053892215,0.6923076923076923,0.6170212765957447,0.6616766467065869
318,2011-09-30,Sacramento River,0.7289901129943502,0.8667664670658682,0.7368421052631579,0.7044998327199732,0.8188622754491018
319,2012-03-31,Sacramento River,0.40625,0.2791916167664671,0.5238095238095238,0.625,0.6729041916167665
320,2012-09-30,Sacramento River,0.2857142857142857,0.0853293413173652,0.5294117647058824,0.5,0.4401197604790419
321,2013-03-31,Sacramento River,0.44,0.3570359281437126,0.44,0.4870107962213225,0.4071856287425149
322,2013-09-30,Sacramento River,0.3829787234042553,0.2290419161676646,0.4375,0.4090909090909091,0.2829341317365269
323,2014-03-31,Sacramento River,0.2678571428571428,0.0666167664670658,0.2580645161290322,0.3181818181818182,0.1362275449101796
324,2014-09-30,Sacramento River,0.2432432432432432,0.0411676646706586,0.25,0.2276714513556618,0.0419161676646706
325,2015-03-31,Sacramento River,0.425,0.3196107784431137,0.2,0.2121212121212121,0.0269461077844311
326,2015-09-30,Sacramento River,0.4166666666666667,0.2904191616766467,0.2222222222222222,0.1764705882352941,0.0104790419161676
327,2016-03-31,Sacramento River,0.6428571428571429,0.7140718562874252,0.2857142857142857,0.2181818181818181,0.029940119760479
328,2016-09-30,Sacramento River,0.7272727272727273,0.8645209580838323,0.3571428571428571,0.2941176470588235,0.1062874251497006
329,2017-03-31,Sacramento River,0.9,0.9955089820359282,0.7058823529411765,0.5401115401115402,0.5149700598802395
330,2017-09-30,Sacramento River,0.798936170212766,0.9461077844311376,0.6,0.6666666666666666,0.7597305389221557
331,2018-03-31,Sacramento River,0.3333333333333333,0.1482035928143712,0.4545454545454545,0.52766445690974,0.4940119760479042
332,2018-09-30,Sacramento River,0.3333333333333333,0.1482035928143712,0.4545454545454545,0.4166666666666667,0.2956586826347305
333,2019-03-31,Sacramento River,0.7815340909090909,0.9296407185628742,0.7661458333333333,0.6,0.6332335329341318
334,2019-09-30,Sacramento River,0.7857142857142857,0.9333832335329342,0.7,0.7407407407407407,0.874251497005988
335,2020-03-31,Sacramento River,0.3454907161803713,0.1661676646706587,0.4705882352941176,0.5841194968553459,0.6017964071856288
336,2020-09-30,Sacramento River,0.1875,0.0104790419161676,0.40625,0.3846153846153846,0.2380239520958083
337,2021-03-31,Sacramento River,0.2580645161290322,0.0538922155688622,0.2352941176470588,0.2857142857142857,0.0988023952095808
338,2021-09-30,Sacramento River,0.1666666666666666,0.0052395209580838,0.1666666666666666,0.1538461538461538,0.0074850299401197
339,2022-03-31,Sacramento River,0.3414634146341463,0.1624251497005988,0.15625,0.131578947368421,0.0044910179640718
340,2022-09-30,Sacramento River,0.4146341463414634,0.2859281437125748,0.125,0.0892857142857142,0.0014970059880239
341,2023-03-31,Sacramento River,0.8307692307692308,0.968562874251497,0.3333333333333333,0.1904761904761904,0.0202095808383233
342,2023-09-30,Sacramento River,0.9076923076923076,0.998502994011976,0.3928571428571428,0.3651515151515151,0.2065868263473053
343,2024-03-31,Sacramento River,0.6666666666666666,0.7567365269461078,0.3636363636363636,0.4074074074074074,0.2769461077844311
344,1990-03-31,San Francisco Bay,,,0.2222222222222222,,
345,1990-09-30,San Francisco Bay,,,0.3,,
346,1991-03-31,San Francisco Bay,0.5263157894736842,0.5434131736526946,0.25,0.25,0.0576347305389221
347,1991-09-30,San Francisco Bay,0.5,0.4940119760479042,0.3333333333333333,0.2222222222222222,0.0359281437125748
348,1992-03-31,San Francisco Bay,0.6923076923076923,0.7971556886227545,0.4090073529411764,0.2765957446808511,0.0838323353293413
349,1992-09-30,San Francisco Bay,0.5689655172413793,0.6137724550898204,0.3125,0.3333333333333333,0.1609281437125748
350,1993-03-31,San Francisco Bay,0.7368421052631579,0.874251497005988,0.6,0.4354838709677419,0.342814371257485
351,1993-09-30,San Francisco Bay,0.7421875,0.8832335329341318,0.5806451612903226,0.5747767857142857,0.5853293413173652
352,1994-03-31,San Francisco Bay,0.3333333333333333,0.1482035928143712,0.3333333333333333,0.4309018567639257,0.3293413173652694
353,1994-09-30,San Francisco Bay,0.3564516129032258,0.1826347305389221,0.4193548387096774,0.336021505376344,0.1706586826347305
354,1995-03-31,San Francisco Bay,0.8548387096774194,0.9835329341317364,0.75,0.6451612903225806,0.7148203592814372
355,1995-09-30,San Francisco Bay,0.7936705362078496,0.94311377245509,0.7241379310344828,0.748015873015873,0.8787425149700598
356,1996-03-31,San Francisco Bay,0.5507086999022482,0.5808383233532934,0.7386148007590133,0.7639311043566362,0.8997005988023952
357,1996-09-30,San Francisco Bay,0.5263157894736842,0.5434131736526946,0.7575757575757576,0.7777777777777778,0.9206586826347304
358,1997-03-31,San Francisco Bay,0.4411764705882353,0.3592814371257485,0.6014705882352941,0.65625,0.7447604790419161
359,1997-09-30,San Francisco Bay,0.4107142857142857,0.2829341317365269,0.6470588235294118,0.625,0.6729041916167665
360,1998-03-31,San Francisco Bay,0.75,0.8982035928143712,0.8333333333333334,0.7878787878787878,0.9296407185628742
361,1998-09-30,San Francisco Bay,0.6587701612903225,0.7425149700598802,0.7647058823529411,0.8701923076923077,0.9835329341317364
362,1999-03-31,San Francisco Bay,0.3636363636363636,0.1961077844311377,0.696969696969697,0.7544740973312402,0.8892215568862275
363,1999-09-30,San Francisco Bay,0.3620347394540943,0.1886227544910179,0.6516544117647058,0.6908508158508159,0.7979041916167665
364,2000-03-31,San Francisco Bay,0.5555555555555556,0.5883233532934131,0.75,0.7196969696969697,0.842814371257485
365,2000-09-30,San Francisco Bay,0.5,0.4940119760479042,0.6764705882352942,0.7142857142857143,0.8330838323353293
366,2001-03-31,San Francisco Bay,0.303030303030303,0.1002994011976047,0.5278637770897833,0.6307692307692307,0.6833832335329342
367,2001-09-30,San Francisco Bay,0.3240384615384615,0.1347305389221557,0.5454545454545454,0.5322916666666666,0.498502994011976
368,2002-03-31,San Francisco Bay,0.5172413793103449,0.5239520958083832,0.4782608695652174,0.5454545454545454,0.5247005988023952
369,2002-09-30,San Francisco Bay,0.4173697270471464,0.2949101796407186,0.4850713012477718,0.4961538461538461,0.4214071856287425
370,2003-03-31,San Francisco Bay,0.6323529411764706,0.6901197604790419,0.5882352941176471,0.5490196078431373,0.5359281437125748
371,2003-09-30,San Francisco Bay,0.5454545454545454,0.5673652694610778,0.527046783625731,0.5625,0.562874251497006
372,2004-03-31,San Francisco Bay,0.4318181818181818,0.3375748502994012,0.5714285714285714,0.5526315789473685,0.5449101796407185
373,2004-09-30,San Francisco Bay,0.4285714285714285,0.3308383233532934,0.4736842105263157,0.492063492063492,0.4161676646706587
374,2005-03-31,San Francisco Bay,0.6737068965517241,0.7694610778443114,0.75,0.6363636363636364,0.6991017964071856
375,2005-09-30,San Francisco Bay,0.7258064516129032,0.8615269461077845,0.6818181818181818,0.75,0.8832335329341318
376,2006-03-31,San Francisco Bay,0.6904761904761905,0.7926646706586826,0.8823529411764706,0.8297872340425532,0.9640718562874252
377,2006-09-30,San Francisco Bay,0.6190476190476191,0.6758982035928144,0.7647058823529411,0.8477118119975263,0.9745508982035928
378,2007-03-31,San Francisco Bay,0.2692814765985498,0.0703592814371257,0.5454545454545454,0.7198186143324412,0.844311377245509
379,2007-09-30,San Francisco Bay,0.1666666666666666,0.0052395209580838,0.4545454545454545,0.5076923076923077,0.4595808383233533
380,2008-03-31,San Francisco Bay,0.326813214108296,0.1377245508982036,0.3636363636363636,0.4206349206349206,0.2994011976047904
381,2008-09-30,San Francisco Bay,0.3125,0.1130239520958083,0.3928571428571428,0.3823529411764705,0.2327844311377245
382,2009-03-31,San Francisco Bay,0.4,0.2642215568862275,0.3235294117647059,0.3658536585365853,0.2095808383233532
383,2009-09-30,San Francisco Bay,0.5303030303030303,0.5494011976047904,0.4202037351443124,0.3469387755102041,0.1781437125748503
384,2010-03-31,San Francisco Bay,0.7727272727272727,0.9199101796407184,0.5625,0.5106475445458496,0.468562874251497
385,2010-09-30,San Francisco Bay,0.7,0.8226047904191617,0.5872210953346856,0.5917508417508417,0.6152694610778443
386,2011-03-31,San Francisco Bay,0.6220238095238095,0.6781437125748503,0.6470588235294118,0.6500819000819,0.7305389221556886
387,2011-09-30,San Francisco Bay,0.6842105263157895,0.781437125748503,0.7597402597402597,0.71875,0.8413173652694611
388,2012-03-31,San Francisco Bay,0.4638605442176871,0.4236526946107784,0.55,0.669047619047619,0.7694610778443114
389,2012-09-30,San Francisco Bay,0.2708333333333333,0.0718562874251497,0.5789473684210527,0.546875,0.531437125748503
390,2013-03-31,San Francisco Bay,0.3125,0.1130239520958083,0.4166666666666667,0.4772727272727273,0.3937125748502994
391,2013-09-30,San Francisco Bay,0.2291666666666666,0.0314371257485029,0.3181818181818182,0.3636363636363636,0.1998502994011976
392,2014-03-31,San Francisco Bay,0.175219298245614,0.0074850299401197,0.2,0.276759410801964,0.0853293413173652
393,2014-09-30,San Francisco Bay,0.2790697674418604,0.0808383233532934,0.1785714285714285,0.1818181818181818,0.0164670658682634
394,2015-03-31,San Francisco Bay,0.5,0.4940119760479042,0.2413793103448276,0.1818181818181818,0.0164670658682634
395,2015-09-30,San Francisco Bay,0.5564516129032258,0.5913173652694611,0.3060200668896321,0.2222222222222222,0.0359281437125748
396,2016-03-31,San Francisco Bay,0.7272727272727273,0.8645209580838323,0.4117647058823529,0.3055555555555556,0.1182634730538922
397,2016-09-30,San Francisco Bay,0.7391304347826086,0.8764970059880239,0.5454545454545454,0.4310344827586206,0.3308383233532934
398,2017-03-31,San Francisco Bay,0.8529411764705882,0.9790419161676648,0.8333333333333334,0.6530612244897959,0.7372754491017964
399,2017-09-30,San Francisco Bay,0.6984848484848485,0.8173652694610778,0.8047619047619048,0.8027777777777778,0.9476047904191616
400,2018-03-31,San Francisco Bay,0.4,0.2642215568862275,0.6376050420168067,0.6666666666666666,0.7597305389221557
401,2018-09-30,San Francisco Bay,0.4285714285714285,0.3308383233532934,0.6875,0.578125,0.5913173652694611
402,2019-03-31,San Francisco Bay,0.7083333333333334,0.8360778443113772,0.8333333333333334,0.7387959866220736,0.8675149700598802
403,2019-09-30,San Francisco Bay,0.5789473684210527,0.6227544910179641,0.7692307692307693,0.7916666666666666,0.936377245508982
404,2020-03-31,San Francisco Bay,0.2690669763840495,0.0688622754491018,0.5384615384615384,0.625,0.6729041916167665
405,2020-09-30,San Francisco Bay,0.25,0.0456586826347305,0.5,0.4615384615384615,0.3757485029940119
406,2021-03-31,San Francisco Bay,0.2264150943396226,0.028443113772455,0.2666666666666666,0.3181818181818182,0.1362275449101796
407,2021-09-30,San Francisco Bay,0.25,0.0456586826347305,0.5,0.2285714285714285,0.0464071856287425
408,2022-03-31,San Francisco Bay,0.5089481946624803,0.5194610778443114,0.5,0.25,0.0576347305389221
409,2022-09-30,San Francisco Bay,0.3333333333333333,0.1482035928143712,0.3333333333333333,0.3333333333333333,0.1609281437125748
410,2023-03-31,San Francisco Bay,0.8571428571428571,0.9857784431137724,1.0,0.6666666666666666,0.7597305389221557
411,2023-09-30,San Francisco Bay,0.9545454545454546,1.0,1.0,1.0,1.0
412,2024-03-31,San Francisco Bay,0.2,0.0187125748502994,0.3333333333333333,0.4516129032258064,0.3607784431137724
413,1990-03-31,San Joaquin River,,,0.7727272727272727,,
414,1990-09-30,San Joaquin River,,,0.6666666666666666,,
415,1991-03-31,San Joaquin River,0.25,0.0456586826347305,0.4736842105263157,0.5407620735489589,0.5164670658682635
416,1991-09-30,San Joaquin River,0.3428571428571428,0.1646706586826347,0.4444444444444444,0.3888888888888889,0.2455089820359281
417,1992-03-31,San Joaquin River,0.5219806763285024,0.5329341317365269,0.4285714285714285,0.4,0.2657185628742515
418,1992-09-30,San Joaquin River,0.3783783783783784,0.2215568862275449,0.3333333333333333,0.3214285714285714,0.1437125748502994
419,1993-03-31,San Joaquin River,0.5,0.4940119760479042,0.3888888888888889,0.3125,0.1272455089820359
420,1993-09-30,San Joaquin River,0.7777777777777778,0.9236526946107784,0.5,0.3900966183574879,0.2470059880239521
421,1994-03-31,San Joaquin River,0.6578947368421053,0.7365269461077845,0.4692234848484848,0.45,0.3577844311377245
422,1994-09-30,San Joaquin River,0.375,0.2133233532934131,0.3636363636363636,0.3461538461538461,0.1758982035928143
423,1995-03-31,San Joaquin River,0.5625,0.5995508982035929,0.4444444444444444,0.3714285714285714,0.2140718562874251
424,1995-09-30,San Joaquin River,0.75,0.8982035928143712,0.6,0.5,0.4401197604790419
425,1996-03-31,San Joaquin River,0.7222222222222222,0.8570359281437125,0.5833333333333334,0.55,0.5389221556886228
426,1996-09-30,San Joaquin River,0.5925925925925926,0.6422155688622755,0.6273148148148149,0.5769230769230769,0.5898203592814372
427,1997-03-31,San Joaquin River,0.6976744186046512,0.8143712574850299,0.6875,0.65,0.7290419161676647
428,1997-09-30,San Joaquin River,0.6153846153846154,0.6699101796407185,0.6666666666666666,0.6470588235294118,0.7238023952095808
429,1998-03-31,San Joaquin River,0.8,0.9498502994011976,0.8333333333333334,0.7771867612293144,0.9191616766467066
430,1998-09-30,San Joaquin River,0.7906976744186046,0.938622754491018,0.9074074074074074,0.8333333333333334,0.9655688622754492
431,1999-03-31,San Joaquin River,0.7,0.8226047904191617,0.9047619047619048,0.8888888888888888,0.9895209580838324
432,1999-09-30,San Joaquin River,0.4236596736596736,0.3158682634730539,0.8461538461538461,0.84,0.9670658682634732
433,2000-03-31,San Joaquin River,0.54,0.5583832335329342,0.8214285714285714,0.8064516129032258,0.9498502994011976
434,2000-09-30,San Joaquin River,0.6981132075471698,0.8158682634730539,0.875,0.8823529411764706,0.9865269461077844
435,2001-03-31,San Joaquin River,0.5812316715542523,0.625748502994012,0.7692307692307693,0.8278556034482758,0.9625748502994012
436,2001-09-30,San Joaquin River,0.2941176470588235,0.0950598802395209,0.7231800766283525,0.7,0.8143712574850299
437,2002-03-31,San Joaquin River,0.4347826086956521,0.3473053892215569,0.7037037037037037,0.7206557377049181,0.8458083832335329
438,2002-09-30,San Joaquin River,0.4468085106382978,0.3817365269461077,0.7142857142857143,0.703125,0.8173652694610778
439,2003-03-31,San Joaquin River,0.4666666666666667,0.4266467065868263,0.6428571428571429,0.7264150943396226,0.8517964071856288
440,2003-09-30,San Joaquin River,0.3181818181818182,0.1220059880239521,0.5606617647058824,0.56,0.5583832335329342
441,2004-03-31,San Joaquin River,0.45,0.3899700598802395,0.5833333333333334,0.6,0.6332335329341318
442,2004-09-30,San Joaquin River,0.4541958041958042,0.3982035928143712,0.5714285714285714,0.5333333333333333,0.500748502994012
443,2005-03-31,San Joaquin River,0.5625,0.5995508982035929,0.6,0.6111111111111112,0.6511976047904192
444,2005-09-30,San Joaquin River,0.6666666666666666,0.7567365269461078,0.7,0.6666666666666666,0.7597305389221557
445,2006-03-31,San Joaquin River,0.6176470588235294,0.6736526946107785,0.6388888888888888,0.6666666666666666,0.7597305389221557
446,2006-09-30,San Joaquin River,0.5217391304347826,0.530688622754491,0.7142857142857143,0.6666666666666666,0.7597305389221557
447,2007-03-31,San Joaquin River,0.4791304347826087,0.4491017964071856,0.5384615384615384,0.6,0.6332335329341318
448,2007-09-30,San Joaquin River,0.375,0.2133233532934131,0.5833333333333334,0.5526315789473685,0.5449101796407185
449,2008-03-31,San Joaquin River,0.4418604651162791,0.3622754491017964,0.5,0.5254237288135594,0.4910179640718562
450,2008-09-30,San Joaquin River,0.3382352941176471,0.1586826347305389,0.5,0.4716981132075472,0.3877245508982035
451,2009-03-31,San Joaquin River,0.3333333333333333,0.1482035928143712,0.3387096774193548,0.3720930232558139,0.2193113772455089
452,2009-09-30,San Joaquin River,0.3953488372093023,0.2529940119760479,0.4285714285714285,0.3421052631578947,0.1721556886227545
453,2010-03-31,San Joaquin River,0.5277777777777778,0.5479041916167665,0.375,0.35,0.18562874251497
454,2010-09-30,San Joaquin River,0.6401754385964913,0.7095808383233533,0.55,0.435340022296544,0.3413173652694611
455,2011-03-31,San Joaquin River,0.6896551724137931,0.7874251497005988,0.4242424242424242,0.4595918367346939,0.3712574850299401
456,2011-09-30,San Joaquin River,0.7452762923351159,0.8892215568862275,0.7222222222222222,0.5925285368384642,0.6167664670658682
457,2012-03-31,San Joaquin River,0.521286231884058,0.5284431137724551,0.4285714285714285,0.5102040816326531,0.4655688622754491
458,2012-09-30,San Joaquin River,0.2738095238095238,0.0748502994011976,0.5263157894736842,0.4705882352941176,0.3839820359281437
459,2013-03-31,San Joaquin River,0.358058608058608,0.1841317365269461,0.3461538461538461,0.3917306052855925,0.2514970059880239
460,2013-09-30,San Joaquin River,0.2857142857142857,0.0853293413173652,0.3928571428571428,0.34375,0.1736526946107784
461,2014-03-31,San Joaquin River,0.288135593220339,0.0883233532934131,0.2307692307692307,0.2666666666666666,0.0688622754491018
462,2014-09-30,San Joaquin River,0.1956001912960306,0.0149700598802395,0.2777777777777778,0.2279220779220779,0.0434131736526946
463,2015-03-31,San Joaquin River,0.3414634146341463,0.1624251497005988,0.2580645161290322,0.2769230769230769,0.0868263473053892
464,2015-09-30,San Joaquin River,0.2222222222222222,0.0269461077844311,0.25,0.2,0.0224550898203592
465,2016-03-31,San Joaquin River,0.3947368421052631,0.248502994011976,0.2222222222222222,0.18,0.0134730538922155
466,2016-09-30,San Joaquin River,0.6153846153846154,0.6699101796407185,0.3125,0.2280701754385964,0.0449101796407185
467,2017-03-31,San Joaquin River,0.7894736842105263,0.937125748502994,0.4545454545454545,0.3488372093023256,0.1826347305389221
468,2017-09-30,San Joaquin River,0.8235294117647058,0.9625748502994012,0.563508064516129,0.4946808510638297,0.4176646706586826
469,2018-03-31,San Joaquin River,0.5474493623405852,0.5703592814371258,0.5,0.5,0.4401197604790419
470,2018-09-30,San Joaquin River,0.4464285714285714,0.3802395209580838,0.4454365079365079,0.4285714285714285,0.3181137724550898
471,2019-03-31,San Joaquin River,0.6767857142857143,0.7709580838323353,0.6129032258064516,0.5714285714285714,0.5800898203592815
472,2019-09-30,San Joaquin River,0.6666666666666666,0.7567365269461078,0.6666666666666666,0.6363636363636364,0.6991017964071856
473,2020-03-31,San Joaquin River,0.4615384615384615,0.4161676646706587,0.5,0.5384615384615384,0.5104790419161677
474,2020-09-30,San Joaquin River,0.3474576271186441,0.1691616766467066,0.4285714285714285,0.4285714285714285,0.3181137724550898
475,2021-03-31,San Joaquin River,0.3909646739130434,0.2425149700598802,0.3333333333333333,0.395497311827957,0.2559880239520958
476,2021-09-30,San Joaquin River,0.25,0.0456586826347305,0.2857142857142857,0.2916666666666667,0.1032934131736526
477,2022-03-31,San Joaquin River,0.2519230769230769,0.0494011976047904,0.25,0.2142857142857142,0.028443113772455
478,2022-09-30,San Joaquin River,0.3235294117647059,0.1332335329341317,0.2222222222222222,0.125,0.0029940119760479
479,2023-03-31,San Joaquin River,0.7333333333333333,0.8712574850299402,0.375,0.25,0.0576347305389221
480,2023-09-30,San Joaquin River,0.8666666666666667,0.9895209580838324,0.5147058823529411,0.4444444444444444,0.3495508982035928
481,2024-03-31,San Joaquin River,0.609375,0.657185628742515,0.4545454545454545,0.6389802631578947,0.7020958083832335
482,1990-03-31,South Coast,,,0.2981481481481481,,
483,1990-09-30,South Coast,,,0.2352941176470588,,
484,1991-03-31,South Coast,0.4347826086956521,0.3473053892215569,0.3333333333333333,0.25,0.0576347305389221
485,1991-09-30,South Coast,0.6190476190476191,0.6758982035928144,0.35,0.2745098039215686,0.0793413173652694
486,1992-03-31,South Coast,0.75,0.8982035928143712,0.5,0.4242424242424242,0.309880239520958
487,1992-09-30,South Coast,0.7457627118644068,0.8922155688622755,0.5,0.5,0.4401197604790419
488,1993-03-31,South Coast,0.8381818181818181,0.9715568862275448,0.7272727272727273,0.702729044834308,0.8158682634730539
489,1993-09-30,South Coast,0.8364001338240215,0.9700598802395208,0.7878787878787878,0.7272727272727273,0.8547904191616766
490,1994-03-31,South Coast,0.6273148148148149,0.6841317365269461,0.7333333333333333,0.7565656565656566,0.8922155688622755
491,1994-09-30,South Coast,0.5087827426810477,0.5179640718562875,0.6666666666666666,0.6762096774193549,0.7799401197604791
492,1995-03-31,South Coast,0.6923076923076923,0.7971556886227545,0.8333333333333334,0.75,0.8832335329341318
493,1995-09-30,South Coast,0.7,0.8226047904191617,0.8333333333333334,0.819672131147541,0.9595808383233532
494,1996-03-31,South Coast,0.6086956521739131,0.655688622754491,0.75,0.7916666666666666,0.936377245508982
495,1996-09-30,South Coast,0.3934426229508196,0.2455089820359281,0.6904761904761905,0.7142857142857143,0.8330838323353293
496,1997-03-31,South Coast,0.4721362229102167,0.4386227544910179,0.6666666666666666,0.6923076923076923,0.8016467065868264
497,1997-09-30,South Coast,0.3636363636363636,0.1961077844311377,0.5714285714285714,0.5833333333333334,0.5988023952095808
498,1998-03-31,South Coast,0.6899038461538461,0.7889221556886228,0.8421052631578947,0.6899038461538461,0.7964071856287425
499,1998-09-30,South Coast,0.8,0.9498502994011976,0.8461538461538461,0.7964532328939109,0.9416167664670658
500,1999-03-31,South Coast,0.4522727272727272,0.3937125748502994,0.7777777777777778,0.8086080586080586,0.9520958083832336
501,1999-09-30,South Coast,0.2656862745098039,0.0643712574850299,0.627016129032258,0.6666666666666666,0.7597305389221557
502,2000-03-31,South Coast,0.2857142857142857,0.0853293413173652,0.5454545454545454,0.5666666666666667,0.5711077844311377
503,2000-09-30,South Coast,0.4262295081967213,0.3248502994011976,0.5454545454545454,0.509090909090909,0.4640718562874251
504,2001-03-31,South Coast,0.5874007936507937,0.6332335329341318,0.6470588235294118,0.6,0.6332335329341318
505,2001-09-30,South Coast,0.6102430555555556,0.6601796407185628,0.6428571428571429,0.6053620218579234,0.6422155688622755
506,2002-03-31,South Coast,0.4,0.2642215568862275,0.4705882352941176,0.5749158249158249,0.5868263473053892
507,2002-09-30,South Coast,0.2642320085929108,0.061377245508982,0.3870967741935484,0.423728813559322,0.3083832335329341
508,2003-03-31,South Coast,0.4590163934426229,0.4094311377245509,0.4444444444444444,0.4520526960784313,0.3622754491017964
509,2003-09-30,South Coast,0.6153846153846154,0.6699101796407185,0.4827586206896552,0.4705882352941176,0.3839820359281437
510,2004-03-31,South Coast,0.4705882352941176,0.434880239520958,0.4,0.4482758620689655,0.3547904191616766
511,2004-09-30,South Coast,0.3643578643578643,0.2005988023952095,0.3790491118077325,0.3846153846153846,0.2380239520958083
512,2005-03-31,South Coast,0.75,0.8982035928143712,0.737468671679198,0.4893617021276595,0.4116766467065868
513,2005-09-30,South Coast,0.9047619047619048,0.997005988023952,0.8492424242424242,0.6890898812888637,0.7934131736526946
514,2006-03-31,South Coast,0.7307692307692307,0.8697604790419161,0.8333333333333334,0.7857142857142857,0.9273952095808384
515,2006-09-30,South Coast,0.5344827586206896,0.5538922155688623,0.8333333333333334,0.7894736842105263,0.93188622754491
516,2007-03-31,South Coast,0.2882985658409387,0.0898203592814371,0.6,0.6666666666666666,0.7597305389221557
517,2007-09-30,South Coast,0.2613871635610766,0.0553892215568862,0.5,0.5181878306878307,0.4790419161676646
518,2008-03-31,South Coast,0.4444444444444444,0.3727544910179641,0.5,0.4959016393442623,0.4191616766467065
519,2008-09-30,South Coast,0.5,0.4940119760479042,0.5,0.5,0.4401197604790419
520,2009-03-31,South Coast,0.4032258064516129,0.2732035928143712,0.4210526315789473,0.4193548387096774,0.2979041916167664
521,2009-09-30,South Coast,0.4444444444444444,0.3727544910179641,0.4,0.3846153846153846,0.2380239520958083
522,2010-03-31,South Coast,0.6666666666666666,0.7567365269461078,0.5,0.4347826086956521,0.3375748502994012
523,2010-09-30,South Coast,0.7204636091724825,0.8517964071856288,0.5333333333333333,0.4893424036281179,0.4101796407185629
524,2011-03-31,South Coast,0.7580645161290323,0.9094311377245508,0.8095238095238095,0.6923076923076923,0.8016467065868264
525,2011-09-30,South Coast,0.7407407407407407,0.8809880239520959,0.8571428571428571,0.7833333333333333,0.9251497005988024
526,2012-03-31,South Coast,0.5918367346938775,0.6407185628742516,0.7647058823529411,0.8064516129032258,0.9498502994011976
527,2012-09-30,South Coast,0.3559907834101382,0.1803892215568862,0.75,0.7391304347826086,0.8712574850299402
528,2013-03-31,South Coast,0.3194682675814751,0.1257485029940119,0.6,0.6722724703222159,0.7739520958083832
529,2013-09-30,South Coast,0.218070652173913,0.0239520958083832,0.5416666666666666,0.5714285714285714,0.5800898203592815
530,2014-03-31,South Coast,0.2410600255427841,0.0389221556886227,0.4230769230769231,0.5,0.4401197604790419
531,2014-09-30,South Coast,0.2752525252525252,0.0763473053892215,0.3939393939393939,0.4073371989295272,0.2754491017964072
532,2015-03-31,South Coast,0.375,0.2133233532934131,0.3333333333333333,0.375,0.2245508982035928
533,2015-09-30,South Coast,0.4210526315789473,0.3083832335329341,0.350383631713555,0.3478260869565217,0.1803892215568862
534,2016-03-31,South Coast,0.4234028683181225,0.3143712574850299,0.25,0.3043478260869565,0.1160179640718562
535,2016-09-30,South Coast,0.3809523809523809,0.2230538922155688,0.2307692307692307,0.2222222222222222,0.0359281437125748
536,2017-03-31,South Coast,0.7142857142857143,0.843562874251497,0.4166666666666667,0.3181818181818182,0.1362275449101796
537,2017-09-30,South Coast,0.6956521739130435,0.8068862275449101,0.3846153846153846,0.4090909090909091,0.2829341317365269
538,2018-03-31,South Coast,0.45,0.3899700598802395,0.3043478260869565,0.3478260869565217,0.1803892215568862
539,2018-09-30,South Coast,0.4444444444444444,0.3727544910179641,0.2941176470588235,0.2857142857142857,0.0988023952095808
540,2019-03-31,South Coast,0.696969696969697,0.811377245508982,0.4666666666666667,0.3636363636363636,0.1998502994011976
541,2019-09-30,South Coast,0.7916666666666666,0.940119760479042,0.5625,0.5185185185185185,0.4812874251497006
542,2020-03-31,South Coast,0.7,0.8226047904191617,0.6296296296296297,0.5714285714285714,0.5800898203592815
543,2020-09-30,South Coast,0.6530612244897959,0.7305389221556886,0.6666666666666666,0.6190476190476191,0.6639221556886228
544,2021-03-31,South Coast,0.4711431742508324,0.437125748502994,0.5384615384615384,0.6,0.6332335329341318
545,2021-09-30,South Coast,0.3478260869565217,0.1706586826347305,0.5,0.5,0.4401197604790419
546,2022-03-31,South Coast,0.4782608695652174,0.4476047904191617,0.4583333333333333,0.46875,0.3817365269461077
547,2022-09-30,South Coast,0.4838709677419355,0.4610778443113772,0.4285714285714285,0.4,0.2657185628742515
548,2023-03-31,South Coast,0.75,0.8982035928143712,0.75,0.5652173913043478,0.5673652694610778
549,2023-09-30,South Coast,0.8833333333333333,0.9925149700598802,0.8888888888888888,0.782608695652174,0.9229041916167664
550,2024-03-31,South Coast,0.7950819672131147,0.9446107784431138,0.4615384615384615,0.6430084745762712,0.7110778443113772
551,1990-03-31,South Lahontan,,,0.625,,
552,1990-09-30,South Lahontan,,,0.8125,,
553,1991-03-31,South Lahontan,0.490566037735849,0.467065868263473,0.6666666666666666,0.45,0.3577844311377245
554,1991-09-30,South Lahontan,0.5454545454545454,0.5673652694610778,0.65625,0.5,0.4401197604790419
555,1992-03-31,South Lahontan,0.5477272727272727,0.5726047904191617,0.6,0.5847701149425287,0.6032934131736527
556,1992-09-30,South Lahontan,0.5,0.4940119760479042,0.5577777777777778,0.5825757575757575,0.5958083832335329
557,1993-03-31,South Lahontan,0.6875,0.7844311377245509,0.75,0.6666666666666666,0.7597305389221557
558,1993-09-30,South Lahontan,0.8214465725806452,0.9610778443113772,0.7931034482758621,0.76,0.8967065868263473
559,1994-03-31,South Lahontan,0.5833333333333334,0.6294910179640718,0.696969696969697,0.6923076923076923,0.8016467065868264
560,1994-09-30,South Lahontan,0.3333333333333333,0.1482035928143712,0.6542119565217391,0.6585365853658537,0.7485029940119761
561,1995-03-31,South Lahontan,0.6923076923076923,0.7971556886227545,0.75,0.7169811320754716,0.8398203592814372
562,1995-09-30,South Lahontan,0.7777777777777778,0.9236526946107784,0.8076923076923077,0.8108108108108109,0.9550898203592816
563,1996-03-31,South Lahontan,0.5172413793103449,0.5239520958083832,0.75,0.75,0.8832335329341318
564,1996-09-30,South Lahontan,0.3131127450980392,0.1167664670658682,0.6875,0.7113237639553429,0.8278443113772455
565,1997-03-31,South Lahontan,0.3725490196078431,0.2065868263473053,0.625,0.6774193548387096,0.7844311377245509
566,1997-09-30,South Lahontan,0.375,0.2133233532934131,0.589572192513369,0.6073190789473684,0.6497005988023952
567,1998-03-31,South Lahontan,0.6804255319148936,0.7769461077844312,0.7,0.6436507936507937,0.7125748502994012
568,1998-09-30,South Lahontan,0.8,0.9498502994011976,0.8125,0.7540983606557377,0.8877245508982036
569,1999-03-31,South Lahontan,0.5714285714285714,0.6167664670658682,0.68,0.7213114754098361,0.8502994011976048
570,1999-09-30,South Lahontan,0.3548387096774194,0.1773952095808383,0.6666666666666666,0.6507936507936508,0.7320359281437125
571,2000-03-31,South Lahontan,0.3821428571428571,0.2245508982035928,0.6,0.625,0.6729041916167665
572,2000-09-30,South Lahontan,0.28,0.0823353293413173,0.5625,0.6071428571428571,0.6459580838323353
573,2001-03-31,South Lahontan,0.4259259259259259,0.3218562874251497,0.5217391304347826,0.5703125,0.5748502994011976
574,2001-09-30,South Lahontan,0.4054054054054054,0.2754491017964072,0.4807407407407407,0.5454545454545454,0.5247005988023952
575,2002-03-31,South Lahontan,0.3833333333333333,0.2305389221556886,0.5,0.5106382978723404,0.467065868263473
576,2002-09-30,South Lahontan,0.3103448275862069,0.1092814371257485,0.3333333333333333,0.4,0.2657185628742515
577,2003-03-31,South Lahontan,0.3275862068965517,0.1407185628742515,0.375,0.3559322033898305,0.1923652694610778
578,2003-09-30,South Lahontan,0.3717855055523086,0.2050898203592814,0.2941176470588235,0.3319892473118279,0.1511976047904191
579,2004-03-31,South Lahontan,0.5,0.4940119760479042,0.3675438596491228,0.3717583807716635,0.2155688622754491
580,2004-09-30,South Lahontan,0.4565217391304347,0.4026946107784431,0.2580645161290322,0.3,0.1122754491017964
581,2005-03-31,South Lahontan,0.7073170731707317,0.8338323353293413,0.5862068965517241,0.5081967213114754,0.4610778443113772
582,2005-09-30,South Lahontan,0.7804878048780488,0.9281437125748504,0.5834260289210234,0.5348837209302325,0.5037425149700598
583,2006-03-31,South Lahontan,0.64,0.7065868263473054,0.625,0.5666666666666667,0.5711077844311377
584,2006-09-30,South Lahontan,0.69,0.7904191616766467,0.7241379310344828,0.6551724137931034,0.7395209580838323
585,2007-03-31,South Lahontan,0.5545634920634921,0.5853293413173652,0.5625,0.5714285714285714,0.5800898203592815
586,2007-09-30,South Lahontan,0.2166666666666666,0.0224550898203592,0.5,0.5217391304347826,0.4850299401197604
587,2008-03-31,South Lahontan,0.4285714285714285,0.3308383233532934,0.5,0.5,0.4401197604790419
588,2008-09-30,South Lahontan,0.5,0.4940119760479042,0.5161290322580645,0.5,0.4401197604790419
589,2009-03-31,South Lahontan,0.4924242424242424,0.4700598802395209,0.45,0.4590163934426229,0.3697604790419161
590,2009-09-30,South Lahontan,0.5084745762711864,0.5149700598802395,0.4838709677419355,0.4285714285714285,0.3181137724550898
591,2010-03-31,South Lahontan,0.6,0.6489520958083832,0.4482758620689655,0.4530791788856305,0.3637724550898203
592,2010-09-30,South Lahontan,0.6153846153846154,0.6699101796407185,0.5,0.4576271186440678,0.3667664670658682
593,2011-03-31,South Lahontan,0.7857142857142857,0.9333832335329342,0.65625,0.5461647727272727,0.5299401197604791
594,2011-09-30,South Lahontan,0.7580645161290323,0.9094311377245508,0.71875,0.6557377049180327,0.7417664670658682
595,2012-03-31,South Lahontan,0.5816666666666667,0.6272455089820359,0.6521739130434783,0.6239754098360656,0.6676646706586826
596,2012-09-30,South Lahontan,0.4193548387096774,0.3031437125748503,0.6511156186612577,0.6557377049180327,0.7417664670658682
597,2013-03-31,South Lahontan,0.3897108843537414,0.2395209580838323,0.5555555555555556,0.6065573770491803,0.6437125748502994
598,2013-09-30,South Lahontan,0.3770491803278688,0.218562874251497,0.5454545454545454,0.5454545454545454,0.5247005988023952
599,2014-03-31,South Lahontan,0.3898305084745763,0.2410179640718563,0.4285714285714285,0.4791666666666667,0.3967065868263473
600,2014-09-30,South Lahontan,0.4347826086956521,0.3473053892215569,0.4333333333333333,0.4090909090909091,0.2829341317365269
601,2015-03-31,South Lahontan,0.5477272727272727,0.5726047904191617,0.40625,0.4102751756440281,0.2874251497005988
602,2015-09-30,South Lahontan,0.589396628216504,0.6347305389221557,0.4375,0.4,0.2657185628742515
603,2016-03-31,South Lahontan,0.4193548387096774,0.3031437125748503,0.3333333333333333,0.375,0.2245508982035928
604,2016-09-30,South Lahontan,0.3877551020408163,0.2365269461077844,0.3333333333333333,0.3142857142857143,0.1287425149700598
605,2017-03-31,South Lahontan,0.6666666666666666,0.7567365269461078,0.3846153846153846,0.3333333333333333,0.1609281437125748
606,2017-09-30,South Lahontan,0.6440677966101694,0.7170658682634731,0.4615384615384615,0.4301948051948052,0.3278443113772455
607,2018-03-31,South Lahontan,0.5573770491803278,0.594311377245509,0.3939393939393939,0.4090909090909091,0.2829341317365269
608,2018-09-30,South Lahontan,0.4590163934426229,0.4094311377245509,0.3529411764705882,0.3636363636363636,0.1998502994011976
609,2019-03-31,South Lahontan,0.5217391304347826,0.530688622754491,0.3636363636363636,0.32,0.1422155688622754
610,2019-09-30,South Lahontan,0.7068965517241379,0.8308383233532934,0.5454545454545454,0.4285714285714285,0.3181137724550898
611,2020-03-31,South Lahontan,0.7142857142857143,0.843562874251497,0.5,0.5172413793103449,0.4760479041916167
612,2020-09-30,South Lahontan,0.5945945945945946,0.6452095808383234,0.5384615384615384,0.5625,0.562874251497006
613,2021-03-31,South Lahontan,0.4435532687651332,0.3667664670658682,0.375,0.44,0.344311377245509
614,2021-09-30,South Lahontan,0.3620689655172414,0.1901197604790419,0.3636363636363636,0.3181818181818182,0.1362275449101796
615,2022-03-31,South Lahontan,0.48,0.4528443113772455,0.3333333333333333,0.3461538461538461,0.1758982035928143
616,2022-09-30,South Lahontan,0.6,0.6489520958083832,0.3798076923076923,0.3333333333333333,0.1609281437125748
617,2023-03-31,South Lahontan,0.7059072922555116,0.8278443113772455,0.5,0.4,0.2657185628742515
618,2023-09-30,South Lahontan,0.8484848484848485,0.9745508982035928,0.6381818181818182,0.4117647058823529,0.2889221556886227
619,2024-03-31,South Lahontan,0.8,0.9498502994011976,0.2272727272727272,0.175,0.0089820359281437
620,1990-03-31,Tulare Lake,,,0.8260869565217391,,
621,1990-09-30,Tulare Lake,,,0.589572192513369,,
622,1991-03-31,Tulare Lake,0.1904761904761904,0.0134730538922155,0.4615384615384615,0.5625,0.562874251497006
623,1991-09-30,Tulare Lake,0.4,0.2642215568862275,0.4285714285714285,0.4444444444444444,0.3495508982035928
624,1992-03-31,Tulare Lake,0.5,0.4940119760479042,0.4166666666666667,0.4137931034482758,0.2919161676646706
625,1992-09-30,Tulare Lake,0.3541666666666667,0.1751497005988024,0.3,0.3235294117647059,0.1482035928143712
626,1993-03-31,Tulare Lake,0.4540169133192389,0.3967065868263473,0.3181818181818182,0.2666666666666666,0.0688622754491018
627,1993-09-30,Tulare Lake,0.7352941176470589,0.8727544910179641,0.5,0.3636363636363636,0.1998502994011976
628,1994-03-31,Tulare Lake,0.7222222222222222,0.8570359281437125,0.4545454545454545,0.45,0.3577844311377245
629,1994-09-30,Tulare Lake,0.313953488372093,0.1182634730538922,0.3076923076923077,0.3225806451612903,0.1452095808383233
630,1995-03-31,Tulare Lake,0.4019230769230769,0.2709580838323353,0.3333333333333333,0.2727272727272727,0.0763473053892215
631,1995-09-30,Tulare Lake,0.8260869565217391,0.9663173652694612,0.5833333333333334,0.4042553191489361,0.2724550898203592
632,1996-03-31,Tulare Lake,0.8164983164983165,0.9550898203592816,0.5714285714285714,0.5,0.4401197604790419
633,1996-09-30,Tulare Lake,0.6486486486486487,0.7223053892215568,0.6666666666666666,0.55,0.5389221556886228
634,1997-03-31,Tulare Lake,0.7428571428571429,0.8854790419161677,0.7,0.625,0.6729041916167665
635,1997-09-30,Tulare Lake,0.696969696969697,0.811377245508982,0.75,0.6470588235294118,0.7238023952095808
636,1998-03-31,Tulare Lake,0.6867732558139534,0.7829341317365269,0.7777777777777778,0.7142857142857143,0.8330838323353293
637,1998-09-30,Tulare Lake,0.8541666666666666,0.9820359281437124,0.9333333333333332,0.8214285714285714,0.9610778443113772
638,1999-03-31,Tulare Lake,0.8214285714285714,0.9595808383233532,0.9285714285714286,0.9032258064516128,0.9955089820359282
639,1999-09-30,Tulare Lake,0.55,0.5793413173652695,0.9166666666666666,0.8928571428571429,0.9925149700598802
640,2000-03-31,Tulare Lake,0.5,0.4940119760479042,0.8888888888888888,0.8695652173913043,0.9820359281437124
641,2000-09-30,Tulare Lake,0.4444444444444444,0.3727544910179641,0.7222222222222222,0.7674278846153846,0.907185628742515
642,2001-03-31,Tulare Lake,0.6071428571428571,0.6526946107784432,0.8695652173913043,0.8947368421052632,0.994011976047904
643,2001-09-30,Tulare Lake,0.2635233918128655,0.0583832335329341,0.6381818181818182,0.7716791979949875,0.9131736526946108
644,2002-03-31,Tulare Lake,0.3529411764705882,0.1736526946107784,0.725,0.782608695652174,0.9229041916167664
645,2002-09-30,Tulare Lake,0.2,0.0187125748502994,0.6666666666666666,0.7083333333333334,0.8248502994011976
646,2003-03-31,Tulare Lake,0.3559907834101382,0.1803892215568862,0.6129032258064516,0.6428571428571429,0.7095808383233533
647,2003-09-30,Tulare Lake,0.4242424242424242,0.3173652694610778,0.6183473389355743,0.6153846153846154,0.656437125748503
648,2004-03-31,Tulare Lake,0.42619825708061,0.3233532934131736,0.5833333333333334,0.5882352941176471,0.6077844311377245
649,2004-09-30,Tulare Lake,0.3611111111111111,0.187125748502994,0.6,0.5263157894736842,0.4925149700598802
650,2005-03-31,Tulare Lake,0.5,0.4940119760479042,0.5185185185185185,0.5555555555555556,0.5531437125748503
651,2005-09-30,Tulare Lake,0.625,0.6818862275449101,0.6666666666666666,0.6,0.6332335329341318
652,2006-03-31,Tulare Lake,0.6291005291005292,0.688622754491018,0.6666666666666666,0.6190476190476191,0.6639221556886228
653,2006-09-30,Tulare Lake,0.65625,0.7335329341317365,0.7700320512820513,0.6666666666666666,0.7597305389221557
654,2007-03-31,Tulare Lake,0.5862068965517241,0.6317365269461078,0.6190476190476191,0.65625,0.7447604790419161
655,2007-09-30,Tulare Lake,0.4196774193548387,0.3053892215568862,0.5714285714285714,0.5806451612903226,0.592814371257485
656,2008-03-31,Tulare Lake,0.4285714285714285,0.3308383233532934,0.4205263157894736,0.5125078173858661,0.4700598802395209
657,2008-09-30,Tulare Lake,0.375,0.2133233532934131,0.4,0.4285714285714285,0.3181137724550898
658,2009-03-31,Tulare Lake,0.4,0.2642215568862275,0.2857142857142857,0.3333333333333333,0.1609281437125748
659,2009-09-30,Tulare Lake,0.4285714285714285,0.3308383233532934,0.3,0.2758620689655172,0.0815868263473054
660,2010-03-31,Tulare Lake,0.375,0.2133233532934131,0.2352941176470588,0.280625,0.092814371257485
661,2010-09-30,Tulare Lake,0.46875,0.4296407185628742,0.3478260869565217,0.3,0.1122754491017964
662,2011-03-31,Tulare Lake,0.7116161616161616,0.8398203592814372,0.3461538461538461,0.3333333333333333,0.1609281437125748
663,2011-09-30,Tulare Lake,0.7613636363636364,0.9131736526946108,0.7,0.5476190476190477,0.5329341317365269
664,2012-03-31,Tulare Lake,0.696078431372549,0.8083832335329342,0.5685736677115988,0.5348837209302325,0.5037425149700598
665,2012-09-30,Tulare Lake,0.4224137931034483,0.309880239520958,0.5714285714285714,0.6,0.6332335329341318
666,2013-03-31,Tulare Lake,0.3952850877192982,0.25,0.4285714285714285,0.4767316017316017,0.3922155688622754
667,2013-09-30,Tulare Lake,0.2777777777777778,0.0785928143712574,0.375,0.4210526315789473,0.3023952095808383
668,2014-03-31,Tulare Lake,0.2941176470588235,0.0950598802395209,0.3125,0.3333333333333333,0.1609281437125748
669,2014-09-30,Tulare Lake,0.2631578947368421,0.0568862275449101,0.2727272727272727,0.3333333333333333,0.1609281437125748
670,2015-03-31,Tulare Lake,0.3269230769230769,0.1392215568862275,0.25,0.2966101694915254,0.1077844311377245
671,2015-09-30,Tulare Lake,0.3548387096774194,0.1773952095808383,0.238095238095238,0.2631578947368421,0.0643712574850299
672,2016-03-31,Tulare Lake,0.4166666666666667,0.2904191616766467,0.1666666666666666,0.2272727272727272,0.0404191616766467
673,2016-09-30,Tulare Lake,0.5,0.4940119760479042,0.229020979020979,0.2211111111111111,0.0314371257485029
674,2017-03-31,Tulare Lake,0.6443452380952381,0.718562874251497,0.3333333333333333,0.2893920595533499,0.1017964071856287
675,2017-09-30,Tulare Lake,0.7656862745098039,0.9161676646706588,0.5,0.3779761904761904,0.2290419161676646
676,2018-03-31,Tulare Lake,0.6341463414634146,0.6931137724550899,0.4,0.4285714285714285,0.3181137724550898
677,2018-09-30,Tulare Lake,0.5,0.4940119760479042,0.375,0.3636363636363636,0.1998502994011976
678,2019-03-31,Tulare Lake,0.64,0.7065868263473054,0.6,0.4142156862745098,0.2934131736526946
679,2019-09-30,Tulare Lake,0.75,0.8982035928143712,0.5294117647058824,0.5866708385481852,0.6047904191616766
680,2020-03-31,Tulare Lake,0.6493243243243243,0.7260479041916168,0.5,0.4849690539345712,0.4041916167664671
681,2020-09-30,Tulare Lake,0.4358974358974359,0.3502994011976048,0.3809523809523809,0.3717948717948718,0.217065868263473
682,2021-03-31,Tulare Lake,0.4375,0.3532934131736527,0.2857142857142857,0.3118055555555555,0.1257485029940119
683,2021-09-30,Tulare Lake,0.3094017094017094,0.1077844311377245,0.25,0.25,0.0576347305389221
684,2022-03-31,Tulare Lake,0.3181818181818182,0.1220059880239521,0.2,0.2105263157894736,0.0254491017964071
685,2022-09-30,Tulare Lake,0.3636363636363636,0.1961077844311377,0.1666666666666666,0.1428571428571428,0.0059880239520958
686,2023-03-31,Tulare Lake,0.5956594071385359,0.6467065868263473,0.2222222222222222,0.1791443850267379,0.0119760479041916
687,2023-09-30,Tulare Lake,0.8536585365853658,0.9805389221556886,0.4733893557422969,0.2631578947368421,0.0643712574850299
